force,state,block,relative_step,relative_error,scaled_error,reference_error
GravitationalAcceleration,LEO 400 km,dadr,1E-12,0.00011306010242010746,0.00011306010242010746,0
GravitationalAcceleration,LEO 400 km,dadr,3.1622776601683794E-12,1.5562167146782646E-05,1.5562167146782646E-05,0
GravitationalAcceleration,LEO 400 km,dadr,1E-11,1.1883635695561245E-05,1.1883635695561245E-05,0
GravitationalAcceleration,LEO 400 km,dadr,3.1622776601683794E-11,3.565441916846309E-06,3.5654419168463085E-06,0
GravitationalAcceleration,LEO 400 km,dadr,1E-10,9.537671389280795E-07,9.537671389280795E-07,0
GravitationalAcceleration,LEO 400 km,dadr,3.1622776601683795E-10,1.5163367873001054E-07,1.5163367873001054E-07,0
GravitationalAcceleration,LEO 400 km,dadr,1E-09,1.3739051950869743E-07,1.3739051950869743E-07,0
GravitationalAcceleration,LEO 400 km,dadr,3.1622776601683795E-09,3.5390718019848144E-08,3.5390718019848144E-08,0
GravitationalAcceleration,LEO 400 km,dadr,1E-08,5.4529785759268355E-09,5.4529785759268355E-09,0
GravitationalAcceleration,LEO 400 km,dadr,3.162277660168379E-08,2.3573767840573475E-09,2.3573767840573475E-09,0
GravitationalAcceleration,LEO 400 km,dadr,1E-07,1.1526705034478425E-09,1.1526705034478423E-09,0
GravitationalAcceleration,LEO 400 km,dadr,3.162277660168379E-07,3.3797272443356663E-10,3.3797272443356663E-10,0
GravitationalAcceleration,LEO 400 km,dadr,1E-06,2.0780541636930103E-11,2.0780541636930103E-11,0
GravitationalAcceleration,LEO 400 km,dadr,3E-06,2.3788411538158355E-11,2.3788411538158355E-11,0
GravitationalAcceleration,LEO 400 km,dadr,3.162277660168379E-06,2.573835641632611E-11,2.573835641632611E-11,0
GravitationalAcceleration,LEO 400 km,dadr,1E-05,1.3668273638379998E-10,1.3668273638379998E-10,0
GravitationalAcceleration,LEO 400 km,dadr,3.1622776601683795E-05,1.3703359496086094E-09,1.3703359496086094E-09,0
GravitationalAcceleration,LEO 400 km,dadr,0.0001,1.3706020123271512E-08,1.370602012327151E-08,0
GravitationalAcceleration,LEO 400 km,dadr,0.00031622776601683794,1.3706080877216265E-07,1.3706080877216265E-07,0
GravitationalAcceleration,LEO 400 km,dadr,0.001,1.370606943928778E-06,1.370606943928778E-06,0
GravitationalAcceleration,LEO 400 km,dadr,0.0031622776601683794,1.370603895661394E-05,1.3706038956613938E-05,0
GravitationalAcceleration,LEO 400 km,dadr,0.01,0.0001370573633521458,0.0001370573633521458,0
ThirdBodyPerturbation (Moon),LEO 400 km,dadr,1E-12,0.00014352797565566486,8.736725383411333E-12,0
ThirdBodyPerturbation (Moon),LEO 400 km,dadr,3.1622776601683794E-12,4.826756953117145E-05,2.9381066512792627E-12,0
ThirdBodyPerturbation (Moon),LEO 400 km,dadr,1E-11,1.5463835773248495E-05,9.413028080962276E-13,0
ThirdBodyPerturbation (Moon),LEO 400 km,dadr,3.1622776601683794E-11,5.013181761557991E-06,3.05158573774741E-13,0
ThirdBodyPerturbation (Moon),LEO 400 km,dadr,1E-10,9.161994864171594E-07,5.5770195828950174E-14,0
ThirdBodyPerturbation (Moon),LEO 400 km,dadr,3.1622776601683795E-10,3.46854709138078E-07,2.1113475110611972E-14,0
ThirdBodyPerturbation (Moon),LEO 400 km,dadr,1E-09,9.380851508318407E-08,5.710240328851397E-15,0
ThirdBodyPerturbation (Moon),LEO 400 km,dadr,3.1622776601683795E-09,3.4780665993587635E-08,2.1171421532979387E-15,0
ThirdBodyPerturbation (Moon),LEO 400 km,dadr,1E-08,1.096013232726929E-08,6.671568094775214E-16,0
ThirdBodyPerturbation (Moon),LEO 400 km,dadr,3.162277660168379E-08,3.2001166832935036E-09,1.9479506019009993E-16,0
ThirdBodyPerturbation (Moon),LEO 400 km,dadr,1E-07,8.079820675247274E-10,4.918286770531652E-17,0
ThirdBodyPerturbation (Moon),LEO 400 km,dadr,3.162277660168379E-07,4.945980297450989E-10,3.0106793754452894E-17,0
ThirdBodyPerturbation (Moon),LEO 400 km,dadr,1E-06,8.919108917721314E-11,5.429171903449098E-18,0
ThirdBodyPerturbation (Moon),LEO 400 km,dadr,3E-06,5.6591834980524396E-11,3.4448149840442512E-18,0
ThirdBodyPerturbation (Moon),LEO 400 km,dadr,3.162277660168379E-06,3.762372334613619E-11,2.2902025704398615E-18,0
ThirdBodyPerturbation (Moon),LEO 400 km,dadr,1E-05,2.373737059593208E-11,1.4449231048758005E-18,0
ThirdBodyPerturbation (Moon),LEO 400 km,dadr,3.1622776601683795E-05,7.850888196864599E-12,4.778932739665109E-19,0
ThirdBodyPerturbation (Moon),LEO 400 km,dadr,0.0001,5.819833779887035E-12,3.5426047974060547E-19,0
ThirdBodyPerturbation (Moon),LEO 400 km,dadr,0.00031622776601683794,4.274339027416202E-11,2.601843027990824E-18,0
ThirdBodyPerturbation (Moon),LEO 400 km,dadr,0.001,4.295408699977061E-10,2.6146683982534307E-17,0
ThirdBodyPerturbation (Moon),LEO 400 km,dadr,0.0031622776601683794,4.295822486349751E-09,2.614920275135904E-16,0
ThirdBodyPerturbation (Moon),LEO 400 km,dadr,0.01,4.295795736024483E-08,2.6149039918820845E-15,0
ThirdBodyPerturbation (Sun),LEO 400 km,dadr,1E-12,0.00015453158440880056,4.837888801120525E-12,0
ThirdBodyPerturbation (Sun),LEO 400 km,dadr,3.1622776601683794E-12,8.167246979626024E-05,2.5569033573222045E-12,0
ThirdBodyPerturbation (Sun),LEO 400 km,dadr,1E-11,1.744394140980364E-05,5.461139165611604E-13,0
ThirdBodyPerturbation (Sun),LEO 400 km,dadr,3.1622776601683794E-11,4.578868020576927E-06,1.433496874008396E-13,0
ThirdBodyPerturbation (Sun),LEO 400 km,dadr,1E-10,7.217260206347454E-07,2.259492935417847E-14,0
ThirdBodyPerturbation (Sun),LEO 400 km,dadr,3.1622776601683795E-10,7.956105682707575E-07,2.4908017820537086E-14,0
ThirdBodyPerturbation (Sun),LEO 400 km,dadr,1E-09,2.890853540075073E-07,9.050336227842585E-15,0
ThirdBodyPerturbation (Sun),LEO 400 km,dadr,3.1622776601683795E-09,4.138473347496712E-08,1.295623411756716E-15,0
ThirdBodyPerturbation (Sun),LEO 400 km,dadr,1E-08,1.4816617089910954E-08,4.638608098403019E-16,0
ThirdBodyPerturbation (Sun),LEO 400 km,dadr,3.162277660168379E-08,9.493802849521034E-09,2.972205498407369E-16,0
ThirdBodyPerturbation (Sun),LEO 400 km,dadr,1E-07,1.5000894716400558E-09,4.696299519150553E-17,0
ThirdBodyPerturbation (Sun),LEO 400 km,dadr,3.162277660168379E-07,6.450322849092573E-10,2.019389420915018E-17,0
ThirdBodyPerturbation (Sun),LEO 400 km,dadr,1E-06,3.5389690995402843E-10,1.1079378393536024E-17,0
ThirdBodyPerturbation (Sun),LEO 400 km,dadr,3E-06,4.486603682826008E-11,1.4046118659334675E-18,0
ThirdBodyPerturbation (Sun),LEO 400 km,dadr,3.162277660168379E-06,7.040325497608124E-11,2.2041003469567676E-18,0
ThirdBodyPerturbation (Sun),LEO 400 km,dadr,1E-05,2.2471557179017515E-11,7.035124582202697E-19,0
ThirdBodyPerturbation (Sun),LEO 400 km,dadr,3.1622776601683795E-05,5.072194384479625E-12,1.5879415527679607E-19,0
ThirdBodyPerturbation (Sun),LEO 400 km,dadr,0.0001,1.4888043651621951E-12,4.660969466425367E-20,0
ThirdBodyPerturbation (Sun),LEO 400 km,dadr,0.00031622776601683794,1.049967871904091E-12,3.287113005703362E-20,0
ThirdBodyPerturbation (Sun),LEO 400 km,dadr,0.001,7.428059000400015E-14,2.325487284012549E-21,0
ThirdBodyPerturbation (Sun),LEO 400 km,dadr,0.0031622776601683794,5.5887380375208254E-14,1.7496548208935926E-21,0
ThirdBodyPerturbation (Sun),LEO 400 km,dadr,0.01,3.9670802747329366E-13,1.2419657319700407E-20,0
GravitationalAcceleration (EGM2008 10x10),LEO 400 km,dadr,1E-12,0.0001108717418478802,0.00011115261348121279,9.330546464905507E-13
GravitationalAcceleration (EGM2008 10x10),LEO 400 km,dadr,3.1622776601683794E-12,5.303017306621315E-05,5.3164514523078265E-05,9.330546464905507E-13
GravitationalAcceleration (EGM2008 10x10),LEO 400 km,dadr,1E-11,1.03629378012788E-05,1.0389190254950564E-05,9.330546464905507E-13
GravitationalAcceleration (EGM2008 10x10),LEO 400 km,dadr,3.1622776601683794E-11,2.6044077412071216E-06,2.611005493203663E-06,9.330546464905507E-13
GravitationalAcceleration (EGM2008 10x10),LEO 400 km,dadr,1E-10,9.541591404918404E-07,9.5657631399144E-07,9.330546464905507E-13
GravitationalAcceleration (EGM2008 10x10),LEO 400 km,dadr,3.1622776601683795E-10,3.8587613820494325E-07,3.86853679094942E-07,9.330546464905507E-13
GravitationalAcceleration (EGM2008 10x10),LEO 400 km,dadr,1E-09,1.3523646246198168E-07,1.3557905729692107E-07,9.330546464905507E-13
GravitationalAcceleration (EGM2008 10x10),LEO 400 km,dadr,3.1622776601683795E-09,4.360906474817946E-08,4.371953969012394E-08,9.330546464905507E-13
GravitationalAcceleration (EGM2008 10x10),LEO 400 km,dadr,1E-08,1.7203548910349508E-08,1.7247130699550552E-08,9.330546464905507E-13
GravitationalAcceleration (EGM2008 10x10),LEO 400 km,dadr,3.162277660168379E-08,1.7890919977916162E-09,1.7936243085790795E-09,9.330546464905507E-13
GravitationalAcceleration (EGM2008 10x10),LEO 400 km,dadr,1E-07,1.5118158271042883E-09,1.515645713544058E-09,9.330546464905507E-13
GravitationalAcceleration (EGM2008 10x10),LEO 400 km,dadr,3.162277660168379E-07,5.784474924085453E-10,5.799128747438642E-10,9.330546464905507E-13
GravitationalAcceleration (EGM2008 10x10),LEO 400 km,dadr,1E-06,7.55706094809879E-11,7.576205267618895E-11,9.330546464905507E-13
GravitationalAcceleration (EGM2008 10x10),LEO 400 km,dadr,3E-06,3.426579507604856E-11,3.435260069188937E-11,9.330546464905507E-13
GravitationalAcceleration (EGM2008 10x10),LEO 400 km,dadr,3.162277660168379E-06,3.772672620489928E-11,3.782229940536365E-11,9.330546464905507E-13
GravitationalAcceleration (EGM2008 10x10),LEO 400 km,dadr,1E-05,1.369487042772969E-10,1.372956367382834E-10,9.330546464905507E-13
GravitationalAcceleration (EGM2008 10x10),LEO 400 km,dadr,3.1622776601683795E-05,1.3706275893973022E-09,1.3740998033564996E-09,9.330546464905507E-13
GravitationalAcceleration (EGM2008 10x10),LEO 400 km,dadr,0.0001,1.3750457577888452E-08,1.3785291643039795E-08,9.330546464905507E-13
GravitationalAcceleration (EGM2008 10x10),LEO 400 km,dadr,0.00031622776601683794,1.3749414075316836E-07,1.3784245496960764E-07,9.330546464905507E-13
GravitationalAcceleration (EGM2008 10x10),LEO 400 km,dadr,0.001,1.3749414415101284E-06,1.3784245837605989E-06,9.330546464905507E-13
GravitationalAcceleration (EGM2008 10x10),LEO 400 km,dadr,0.0031622776601683794,1.3749382457056695E-05,1.3784213798602014E-05,9.330546464905507E-13
GravitationalAcceleration (EGM2008 10x10),LEO 400 km,dadr,0.01,0.0001374907405642991,0.00013783904616703228,9.330546464905507E-13
AtmosphericDrag,LEO 400 km,dadr,1E-12,0.00014553939203725596,3.036263001806634E-08,3.6228711414197413E-12
AtmosphericDrag,LEO 400 km,dadv,1E-12,3.584439510860013E-05,3.584439510860013E-05,1.6495719850216563E-13
AtmosphericDrag,LEO 400 km,dadr,3.1622776601683794E-12,3.389776314058895E-05,7.0717984064017665E-09,3.6228711414197413E-12
AtmosphericDrag,LEO 400 km,dadv,3.1622776601683794E-12,1.3448548569759019E-05,1.3448548569759019E-05,1.6495719850216563E-13
AtmosphericDrag,LEO 400 km,dadr,1E-11,1.1213356951542535E-05,2.339346094650743E-09,3.6228711414197413E-12
AtmosphericDrag,LEO 400 km,dadv,1E-11,5.197532192865718E-06,5.197532192865718E-06,1.6495719850216563E-13
AtmosphericDrag,LEO 400 km,dadr,3.1622776601683794E-11,4.317560353122755E-06,9.007354349053504E-10,3.6228711414197413E-12
AtmosphericDrag,LEO 400 km,dadv,3.1622776601683794E-11,9.093577730886938E-07,9.093577730886938E-07,1.6495719850216563E-13
AtmosphericDrag,LEO 400 km,dadr,1E-10,1.6275934133464109E-06,3.395507974681418E-10,3.6228711414197413E-12
AtmosphericDrag,LEO 400 km,dadv,1E-10,3.60736118111977E-07,3.60736118111977E-07,1.6495719850216563E-13
AtmosphericDrag,LEO 400 km,dadr,3.1622776601683795E-10,5.455968390856806E-07,1.1382317001808284E-10,3.6228711414197413E-12
AtmosphericDrag,LEO 400 km,dadv,3.1622776601683795E-10,8.202958252573266E-08,8.202958252573266E-08,1.6495719850216563E-13
AtmosphericDrag,LEO 400 km,dadr,1E-09,1.726179975761666E-07,3.601180629862026E-11,3.6228711414197413E-12
AtmosphericDrag,LEO 400 km,dadv,1E-09,4.51343022839652E-08,4.51343022839652E-08,1.6495719850216563E-13
AtmosphericDrag,LEO 400 km,dadr,3.1622776601683795E-09,4.4604168858956876E-08,9.305383630991002E-12,3.6228711414197413E-12
AtmosphericDrag,LEO 400 km,dadv,3.1622776601683795E-09,1.143672045391022E-08,1.143672045391022E-08,1.6495719850216563E-13
AtmosphericDrag,LEO 400 km,dadr,1E-08,1.4025389159255672E-08,2.925996157747228E-12,3.6228711414197413E-12
AtmosphericDrag,LEO 400 km,dadv,1E-08,5.259458673366826E-09,5.259458673366826E-09,1.6495719850216563E-13
AtmosphericDrag,LEO 400 km,dadr,3.162277660168379E-08,5.624979166523574E-09,1.1734909628368304E-12,3.6228711414197413E-12
AtmosphericDrag,LEO 400 km,dadv,3.162277660168379E-08,1.6798365369193961E-09,1.6798365369193961E-09,1.6495719850216563E-13
AtmosphericDrag,LEO 400 km,dadr,1E-07,8.822528185897341E-10,1.8405680783920742E-13,3.6228711414197413E-12
AtmosphericDrag,LEO 400 km,dadv,1E-07,7.722793539670849E-10,7.722793539670849E-10,1.6495719850216563E-13
AtmosphericDrag,LEO 400 km,dadr,3.162277660168379E-07,9.608970794020085E-10,2.0046368271110564E-13,3.6228711414197413E-12
AtmosphericDrag,LEO 400 km,dadv,3.162277660168379E-07,9.005601962876925E-11,9.005601962876925E-11,1.6495719850216563E-13
AtmosphericDrag,LEO 400 km,dadr,1E-06,1.3898327702456911E-09,2.899488420231396E-13,3.6228711414197413E-12
AtmosphericDrag,LEO 400 km,dadv,1E-06,3.6946119484542364E-11,3.6946119484542364E-11,1.6495719850216563E-13
AtmosphericDrag,LEO 400 km,dadr,3E-06,1.2910690432717764E-08,2.6934461618889496E-12,3.6228711414197413E-12
AtmosphericDrag,LEO 400 km,dadv,3E-06,9.242186014274832E-12,9.242186014274832E-12,1.6495719850216563E-13
AtmosphericDrag,LEO 400 km,dadr,3.162277660168379E-06,1.4378625351742234E-08,2.9996887826189496E-12,3.6228711414197413E-12
AtmosphericDrag,LEO 400 km,dadv,3.162277660168379E-06,1.5176811623938152E-11,1.5176811623938152E-11,1.6495719850216563E-13
AtmosphericDrag,LEO 400 km,dadr,1E-05,1.4362358177590955E-07,2.996295102163913E-11,3.6228711414197413E-12
AtmosphericDrag,LEO 400 km,dadv,1E-05,2.5292684726842715E-11,2.5292684726842715E-11,1.6495719850216563E-13
AtmosphericDrag,LEO 400 km,dadr,3.1622776601683795E-05,1.4361933561136156E-06,2.996206518089621E-10,3.6228711414197413E-12
AtmosphericDrag,LEO 400 km,dadv,3.1622776601683795E-05,2.333289772509608E-10,2.333289772509608E-10,1.6495719850216563E-13
AtmosphericDrag,LEO 400 km,dadr,0.0001,1.4362044458555534E-05,2.99622965366321E-09,3.6228711414197413E-12
AtmosphericDrag,LEO 400 km,dadv,0.0001,2.3359978950430887E-09,2.3359978950430887E-09,1.6495719850216563E-13
AtmosphericDrag,LEO 400 km,dadr,0.00031622776601683794,0.00014363004155219775,2.996429866913643E-08,3.6228711414197413E-12
AtmosphericDrag,LEO 400 km,dadv,0.00031622776601683794,2.3360111992776623E-08,2.3360111992776623E-08,1.6495719850216563E-13
AtmosphericDrag,LEO 400 km,dadr,0.001,0.0014372610034815438,2.9984338588506617E-07,3.6228711414197413E-12
AtmosphericDrag,LEO 400 km,dadv,0.001,2.336011600401863E-07,2.336011600401863E-07,1.6495719850216563E-13
AtmosphericDrag,LEO 400 km,dadr,0.0031622776601683794,0.014470537334925634,3.0188635881513924E-06,3.6228711414197413E-12
AtmosphericDrag,LEO 400 km,dadv,0.0031622776601683794,2.3360113604041765E-06,2.3360113604041765E-06,1.6495719850216563E-13
AtmosphericDrag,LEO 400 km,dadr,0.01,0.15492389482509317,3.232043801810026E-05,3.6228711414197413E-12
AtmosphericDrag,LEO 400 km,dadv,0.01,2.33601441626058E-05,2.33601441626058E-05,1.6495719850216563E-13
SolarRadiationPressure,LEO 400 km,dadr,1E-12,0.8165035749490318,2.9357404327911617E-12,2.017565808515534E-09
SolarRadiationPressure,LEO 400 km,dadr,3.1622776601683794E-12,0.5976233780422608,2.1487561944960513E-12,2.017565808515534E-09
SolarRadiationPressure,LEO 400 km,dadr,1E-11,0.055277992052397765,1.9875214425345614E-13,2.017565808515534E-09
SolarRadiationPressure,LEO 400 km,dadr,3.1622776601683794E-11,0.0077929880055744175,2.801970583123226E-14,2.017565808515534E-09
SolarRadiationPressure,LEO 400 km,dadr,1E-10,0.03163983669338556,1.1376110370794104E-13,2.017565808515534E-09
SolarRadiationPressure,LEO 400 km,dadr,3.1622776601683795E-10,0.007741061291613195,2.7833003214862873E-14,2.017565808515534E-09
SolarRadiationPressure,LEO 400 km,dadr,1E-09,0.0016990415693026555,6.108907768476228E-15,2.017565808515534E-09
SolarRadiationPressure,LEO 400 km,dadr,3.1622776601683795E-09,0.0005698944013846086,2.0490565968073656E-15,2.017565808515534E-09
SolarRadiationPressure,LEO 400 km,dadr,1E-08,7.840249718376997E-05,2.8189635425485606E-16,2.017565808515534E-09
SolarRadiationPressure,LEO 400 km,dadr,3.162277660168379E-08,7.986822005471896E-05,2.8716636412074096E-16,2.017565808515534E-09
SolarRadiationPressure,LEO 400 km,dadr,1E-07,2.015957658555883E-05,7.248380277314699E-17,2.017565808515534E-09
SolarRadiationPressure,LEO 400 km,dadr,3.162277660168379E-07,3.3087154613644764E-06,1.1896493853239158E-17,2.017565808515534E-09
SolarRadiationPressure,LEO 400 km,dadr,1E-06,1.2705745261659281E-06,4.568353555062668E-18,2.017565808515534E-09
SolarRadiationPressure,LEO 400 km,dadr,3E-06,7.98946521468613E-07,2.8726140076724967E-18,2.017565808515534E-09
SolarRadiationPressure,LEO 400 km,dadr,3.162277660168379E-06,4.5729529706383054E-07,1.6442062649870639E-18,2.017565808515534E-09
SolarRadiationPressure,LEO 400 km,dadr,1E-05,1.5860897165385437E-07,5.702789128837722E-19,2.017565808515534E-09
SolarRadiationPressure,LEO 400 km,dadr,3.1622776601683795E-05,5.341052895292747E-08,1.9203767649597856E-19,2.017565808515534E-09
SolarRadiationPressure,LEO 400 km,dadr,0.0001,1.2237883099008612E-08,4.400133609675114E-20,2.017565808515534E-09
SolarRadiationPressure,LEO 400 km,dadr,0.00031622776601683794,2.127107812766855E-09,7.648020905769377E-21,2.017565808515534E-09
SolarRadiationPressure,LEO 400 km,dadr,0.001,4.296479532579906E-09,1.5448001783999364E-20,2.017565808515534E-09
SolarRadiationPressure,LEO 400 km,dadr,0.0031622776601683794,2.713491720322173E-09,9.756365558951918E-21,2.017565808515534E-09
SolarRadiationPressure,LEO 400 km,dadr,0.01,2.4632462510030506E-09,8.85660741343638E-21,2.017565808515534E-09
AlbedoRadiationPressure,LEO 400 km,dadr,1E-12,0.000162692652193261,2.020598757001657E-12,9.055116220814779E-13
AlbedoRadiationPressure,LEO 400 km,dadr,3.1622776601683794E-12,2.6567663770218116E-05,3.2996320157576434E-13,9.055116220814779E-13
AlbedoRadiationPressure,LEO 400 km,dadr,1E-11,8.405829504083187E-06,1.0439812996190055E-13,9.055116220814779E-13
AlbedoRadiationPressure,LEO 400 km,dadr,3.1622776601683794E-11,3.3108816530101476E-06,4.112025504818101E-14,9.055116220814779E-13
AlbedoRadiationPressure,LEO 400 km,dadr,1E-10,1.0590824580604308E-06,1.3153517810854201E-14,9.055116220814779E-13
AlbedoRadiationPressure,LEO 400 km,dadr,3.1622776601683795E-10,1.9748080971623448E-07,2.4526582686125307E-15,9.055116220814779E-13
AlbedoRadiationPressure,LEO 400 km,dadr,1E-09,1.9689571280408963E-07,2.445391523142053E-15,9.055116220814779E-13
AlbedoRadiationPressure,LEO 400 km,dadr,3.1622776601683795E-09,3.6419470116640355E-08,4.523199730060746E-16,9.055116220814779E-13
AlbedoRadiationPressure,LEO 400 km,dadr,1E-08,8.641433832777785E-09,1.0732427202969969E-16,9.055116220814779E-13
AlbedoRadiationPressure,LEO 400 km,dadr,3.162277660168379E-08,3.3555047675934803E-09,4.167446206764442E-17,9.055116220814779E-13
AlbedoRadiationPressure,LEO 400 km,dadr,1E-07,6.411412167874076E-10,7.96280058280854E-18,9.055116220814779E-13
AlbedoRadiationPressure,LEO 400 km,dadr,3.162277660168379E-07,3.413674182551892E-10,4.239691047558394E-18,9.055116220814779E-13
AlbedoRadiationPressure,LEO 400 km,dadr,1E-06,6.612638858853681E-11,8.212718692930658E-19,9.055116220814779E-13
AlbedoRadiationPressure,LEO 400 km,dadr,3E-06,4.5374810583767174E-11,5.635428805711197E-19,9.055116220814779E-13
AlbedoRadiationPressure,LEO 400 km,dadr,3.162277660168379E-06,4.946015753510278E-11,6.142817852512363E-19,9.055116220814779E-13
AlbedoRadiationPressure,LEO 400 km,dadr,1E-05,1.4040587776624615E-10,1.7438030437489855E-18,9.055116220814779E-13
AlbedoRadiationPressure,LEO 400 km,dadr,3.1622776601683795E-05,1.4747690289772082E-09,1.8316232642615444E-17,9.055116220814779E-13
AlbedoRadiationPressure,LEO 400 km,dadr,0.0001,1.4769814714503958E-08,1.83437105800084E-16,9.055116220814779E-13
AlbedoRadiationPressure,LEO 400 km,dadr,0.00031622776601683794,1.4770129587875586E-07,1.83441016442235E-15,9.055116220814779E-13
AlbedoRadiationPressure,LEO 400 km,dadr,0.001,1.477016498209903E-06,1.834414560289215E-14,9.055116220814779E-13
AlbedoRadiationPressure,LEO 400 km,dadr,0.0031622776601683794,1.4770079031694654E-05,1.8344038854813545E-13,9.055116220814779E-13
AlbedoRadiationPressure,LEO 400 km,dadr,0.01,0.0001476919517485003,1.8342941128507203E-12,9.055116220814779E-13
ThermalRadiationPressure,LEO 400 km,dadr,1E-12,9.027378155394696E-05,1.0335994356481357E-12,5.321427078946597E-13
ThermalRadiationPressure,LEO 400 km,dadr,3.1622776601683794E-12,7.683247968113869E-06,8.797017945948632E-14,5.321427078946597E-13
ThermalRadiationPressure,LEO 400 km,dadr,1E-11,1.1431524817764088E-05,1.308864810673483E-13,5.321427078946597E-13
ThermalRadiationPressure,LEO 400 km,dadr,3.1622776601683794E-11,2.5200307871525625E-06,2.885336533576213E-14,5.321427078946597E-13
ThermalRadiationPressure,LEO 400 km,dadr,1E-10,9.761970512566E-07,1.117707382909651E-14,5.321427078946597E-13
ThermalRadiationPressure,LEO 400 km,dadr,3.1622776601683795E-10,1.6100460775421895E-07,1.843439688101048E-15,5.321427078946597E-13
ThermalRadiationPressure,LEO 400 km,dadr,1E-09,1.6852268602694214E-07,1.929518739250595E-15,5.321427078946597E-13
ThermalRadiationPressure,LEO 400 km,dadr,3.1622776601683795E-09,3.509610216143497E-08,4.0183662147608862E-16,5.321427078946597E-13
ThermalRadiationPressure,LEO 400 km,dadr,1E-08,6.8781889981082945E-09,7.87525696204217E-17,5.321427078946597E-13
ThermalRadiationPressure,LEO 400 km,dadr,3.162277660168379E-08,2.4256551794428195E-09,2.7772801597447395E-17,5.321427078946597E-13
ThermalRadiationPressure,LEO 400 km,dadr,1E-07,1.2086728422614313E-09,1.3838830567855192E-17,5.321427078946597E-13
ThermalRadiationPressure,LEO 400 km,dadr,3.162277660168379E-07,3.8274836361253243E-10,4.382318828515544E-18,5.321427078946597E-13
ThermalRadiationPressure,LEO 400 km,dadr,1E-06,3.091088860128345E-11,3.5391756569515355E-19,5.321427078946597E-13
ThermalRadiationPressure,LEO 400 km,dadr,3E-06,4.1264235592704E-11,4.724593330078104E-19,5.321427078946597E-13
ThermalRadiationPressure,LEO 400 km,dadr,3.162277660168379E-06,3.295731497318434E-11,3.7734834600237045E-19,5.321427078946597E-13
ThermalRadiationPressure,LEO 400 km,dadr,1E-05,1.3489085585385106E-10,1.5444474584385968E-18,5.321427078946597E-13
ThermalRadiationPressure,LEO 400 km,dadr,3.1622776601683795E-05,1.370807154621212E-09,1.5695204931148284E-17,5.321427078946597E-13
ThermalRadiationPressure,LEO 400 km,dadr,0.0001,1.3705850621194373E-08,1.569266205900374E-16,5.321427078946597E-13
ThermalRadiationPressure,LEO 400 km,dadr,0.00031622776601683794,1.370604986267529E-07,1.569289018269446E-15,5.321427078946597E-13
ThermalRadiationPressure,LEO 400 km,dadr,0.001,1.3706066965788308E-06,1.5692909765088882E-14,5.321427078946597E-13
ThermalRadiationPressure,LEO 400 km,dadr,0.0031622776601683794,1.3706038721787138E-05,1.5692877426813953E-13,5.321427078946597E-13
ThermalRadiationPressure,LEO 400 km,dadr,0.01,0.00013705736312293756,1.5692531179790382E-12,5.321427078946597E-13
GravitationalAcceleration,LEO 800 km,dadr,1E-12,5.9273061670712855E-05,5.927306167071285E-05,0
GravitationalAcceleration,LEO 800 km,dadr,3.1622776601683794E-12,4.756633996259455E-05,4.756633996259455E-05,0
GravitationalAcceleration,LEO 800 km,dadr,1E-11,8.331852114501047E-06,8.331852114501047E-06,0
GravitationalAcceleration,LEO 800 km,dadr,3.1622776601683794E-11,4.174210179003178E-06,4.174210179003178E-06,0
GravitationalAcceleration,LEO 800 km,dadr,1E-10,1.6547749600219312E-06,1.654774960021931E-06,0
GravitationalAcceleration,LEO 800 km,dadr,3.1622776601683795E-10,3.6043076676639115E-07,3.6043076676639115E-07,0
GravitationalAcceleration,LEO 800 km,dadr,1E-09,1.1450131244775678E-07,1.1450131244775679E-07,0
GravitationalAcceleration,LEO 800 km,dadr,3.1622776601683795E-09,2.029660219974548E-08,2.029660219974548E-08,0
GravitationalAcceleration,LEO 800 km,dadr,1E-08,6.022925648497071E-09,6.022925648497071E-09,0
GravitationalAcceleration,LEO 800 km,dadr,3.162277660168379E-08,5.434658264650691E-09,5.434658264650691E-09,0
GravitationalAcceleration,LEO 800 km,dadr,1E-07,9.5900890275513E-10,9.5900890275513E-10,0
GravitationalAcceleration,LEO 800 km,dadr,3.162277660168379E-07,3.847757559062422E-10,3.847757559062422E-10,0
GravitationalAcceleration,LEO 800 km,dadr,1E-06,4.475618105402898E-11,4.475618105402898E-11,0
GravitationalAcceleration,LEO 800 km,dadr,3E-06,2.2330271762993035E-11,2.233027176299304E-11,0
GravitationalAcceleration,LEO 800 km,dadr,3.162277660168379E-06,1.3027162618340004E-11,1.3027162618340004E-11,0
GravitationalAcceleration,LEO 800 km,dadr,1E-05,1.2786305366427746E-10,1.2786305366427746E-10,0
GravitationalAcceleration,LEO 800 km,dadr,3.1622776601683795E-05,1.2296770082398279E-09,1.2296770082398279E-09,0
GravitationalAcceleration,LEO 800 km,dadr,0.0001,1.2297307880630598E-08,1.22973078806306E-08,0
GravitationalAcceleration,LEO 800 km,dadr,0.00031622776601683794,1.2297209462291006E-07,1.2297209462291006E-07,0
GravitationalAcceleration,LEO 800 km,dadr,0.001,1.2297210609270661E-06,1.2297210609270661E-06,0
GravitationalAcceleration,LEO 800 km,dadr,0.0031622776601683794,1.2297171683280218E-05,1.2297171683280217E-05,0
GravitationalAcceleration,LEO 800 km,dadr,0.01,0.000122967820609906,0.000122967820609906,0
ThirdBodyPerturbation (Moon),LEO 800 km,dadr,1E-12,0.00022919101724578738,1.6658839402841164E-11,0
ThirdBodyPerturbation (Moon),LEO 800 km,dadr,3.1622776601683794E-12,6.899178668717023E-05,5.014695202055389E-12,0
ThirdBodyPerturbation (Moon),LEO 800 km,dadr,1E-11,1.2387569950140345E-05,9.0039540323495E-13,0
ThirdBodyPerturbation (Moon),LEO 800 km,dadr,3.1622776601683794E-11,5.464022267709517E-06,3.971546116648422E-13,0
ThirdBodyPerturbation (Moon),LEO 800 km,dadr,1E-10,1.3043574168649221E-06,9.480773283603405E-14,0
ThirdBodyPerturbation (Moon),LEO 800 km,dadr,3.1622776601683795E-10,8.105650987624309E-07,5.891624361242114E-14,0
ThirdBodyPerturbation (Moon),LEO 800 km,dadr,1E-09,8.349921102061027E-08,6.069173056483995E-15,0
ThirdBodyPerturbation (Moon),LEO 800 km,dadr,3.1622776601683795E-09,3.6939179017333125E-08,2.6849387830179598E-15,0
ThirdBodyPerturbation (Moon),LEO 800 km,dadr,1E-08,1.1165491216464366E-08,8.115681289089977E-16,0
ThirdBodyPerturbation (Moon),LEO 800 km,dadr,3.162277660168379E-08,4.622175524921505E-09,3.3596464942966993E-16,0
ThirdBodyPerturbation (Moon),LEO 800 km,dadr,1E-07,1.595272582590785E-09,1.1595301629398401E-16,0
ThirdBodyPerturbation (Moon),LEO 800 km,dadr,3.162277660168379E-07,1.697706248060486E-10,1.23398447633355E-17,0
ThirdBodyPerturbation (Moon),LEO 800 km,dadr,1E-06,6.407103162339784E-11,4.6570281811869765E-18,0
ThirdBodyPerturbation (Moon),LEO 800 km,dadr,3E-06,5.098362832339579E-11,3.7057651151430784E-18,0
ThirdBodyPerturbation (Moon),LEO 800 km,dadr,3.162277660168379E-06,8.446386112112782E-11,6.139289029167265E-18,0
ThirdBodyPerturbation (Moon),LEO 800 km,dadr,1E-05,1.8289996608921395E-11,1.3294156108211583E-18,0
ThirdBodyPerturbation (Moon),LEO 800 km,dadr,3.1622776601683795E-05,4.118691104707075E-12,2.993686859448099E-19,0
ThirdBodyPerturbation (Moon),LEO 800 km,dadr,0.0001,5.802201475885756E-12,4.2173530067302583E-19,0
ThirdBodyPerturbation (Moon),LEO 800 km,dadr,0.00031622776601683794,4.84080551100095E-11,3.5185585612053704E-18,0
ThirdBodyPerturbation (Moon),LEO 800 km,dadr,0.001,4.828710585528433E-10,3.509767316964767E-17,0
ThirdBodyPerturbation (Moon),LEO 800 km,dadr,0.0031622776601683794,4.828117761348457E-09,3.5093364203734866E-16,0
ThirdBodyPerturbation (Moon),LEO 800 km,dadr,0.01,4.828130573884395E-08,3.5093457332157218E-15,0
ThirdBodyPerturbation (Sun),LEO 800 km,dadr,1E-12,0.00014786871846625925,5.489907323087502E-12,0
ThirdBodyPerturbation (Sun),LEO 800 km,dadr,3.1622776601683794E-12,4.4582966320188426E-05,1.6552273924116984E-12,0
ThirdBodyPerturbation (Sun),LEO 800 km,dadr,1E-11,1.2005844800445525E-05,4.4573981551654207E-13,0
ThirdBodyPerturbation (Sun),LEO 800 km,dadr,3.1622776601683794E-11,4.051052784335137E-06,1.5040303708326377E-13,0
ThirdBodyPerturbation (Sun),LEO 800 km,dadr,1E-10,1.6852584381959848E-06,6.256842378233127E-14,0
ThirdBodyPerturbation (Sun),LEO 800 km,dadr,3.1622776601683795E-10,4.0081238847683035E-07,1.4880922006402843E-14,0
ThirdBodyPerturbation (Sun),LEO 800 km,dadr,1E-09,2.0099011453521547E-07,7.462140154456354E-15,0
ThirdBodyPerturbation (Sun),LEO 800 km,dadr,3.1622776601683795E-09,7.584949417436149E-08,2.8160566875767294E-15,0
ThirdBodyPerturbation (Sun),LEO 800 km,dadr,1E-08,1.4168093852935312E-08,5.260174227801184E-16,0
ThirdBodyPerturbation (Sun),LEO 800 km,dadr,3.162277660168379E-08,7.669972038059468E-09,2.847622952059812E-16,0
ThirdBodyPerturbation (Sun),LEO 800 km,dadr,1E-07,2.5135417898617387E-09,9.332001806857556E-17,0
ThirdBodyPerturbation (Sun),LEO 800 km,dadr,3.162277660168379E-07,7.499238866066958E-10,2.784235015724277E-17,0
ThirdBodyPerturbation (Sun),LEO 800 km,dadr,1E-06,1.1379970726923404E-10,4.2250305053204184E-18,0
ThirdBodyPerturbation (Sun),LEO 800 km,dadr,3E-06,5.1119238110989195E-11,1.8978989103784642E-18,0
ThirdBodyPerturbation (Sun),LEO 800 km,dadr,3.162277660168379E-06,5.778947965303569E-11,2.1455443100834682E-18,0
ThirdBodyPerturbation (Sun),LEO 800 km,dadr,1E-05,1.9961981021798168E-11,7.411265001252423E-19,0
ThirdBodyPerturbation (Sun),LEO 800 km,dadr,3.1622776601683795E-05,4.8442709505772716E-12,1.7985276968950388E-19,0
ThirdBodyPerturbation (Sun),LEO 800 km,dadr,0.0001,7.922426547824974E-13,2.941351488851342E-20,0
ThirdBodyPerturbation (Sun),LEO 800 km,dadr,0.00031622776601683794,4.034772469635688E-13,1.49798599445488E-20,0
ThirdBodyPerturbation (Sun),LEO 800 km,dadr,0.001,2.2768229561176925E-13,8.453138128072981E-21,0
ThirdBodyPerturbation (Sun),LEO 800 km,dadr,0.0031622776601683794,2.8726463678948985E-14,1.0665245831115693E-21,0
ThirdBodyPerturbation (Sun),LEO 800 km,dadr,0.01,4.4408557209620573E-13,1.6487521225692938E-20,0
GravitationalAcceleration (EGM2008 10x10),LEO 800 km,dadr,1E-12,0.00016501646268152008,0.00016540440790879725,1.1977760269745955E-12
GravitationalAcceleration (EGM2008 10x10),LEO 800 km,dadr,3.1622776601683794E-12,4.60670905440032E-05,4.617539190751978E-05,1.1977760269745955E-12
GravitationalAcceleration (EGM2008 10x10),LEO 800 km,dadr,1E-11,1.0212896566026171E-05,1.0236906561241691E-05,1.1977760269745955E-12
GravitationalAcceleration (EGM2008 10x10),LEO 800 km,dadr,3.1622776601683794E-11,3.093852139327314E-06,3.1011256267833495E-06,1.1977760269745955E-12
GravitationalAcceleration (EGM2008 10x10),LEO 800 km,dadr,1E-10,1.659927752699062E-06,1.6638301575792794E-06,1.1977760269745955E-12
GravitationalAcceleration (EGM2008 10x10),LEO 800 km,dadr,3.1622776601683795E-10,4.972764475199992E-07,4.98445518904259E-07,1.1977760269745955E-12
GravitationalAcceleration (EGM2008 10x10),LEO 800 km,dadr,1E-09,1.368648076090012E-07,1.371865697412837E-07,1.1977760269745955E-12
GravitationalAcceleration (EGM2008 10x10),LEO 800 km,dadr,3.1622776601683795E-09,2.9207666094398155E-08,2.9276331817060604E-08,1.1977760269745955E-12
GravitationalAcceleration (EGM2008 10x10),LEO 800 km,dadr,1E-08,1.7595301209725807E-08,1.763666685904282E-08,1.1977760269745955E-12
GravitationalAcceleration (EGM2008 10x10),LEO 800 km,dadr,3.162277660168379E-08,4.018223827753074E-09,4.0276704655659135E-09,1.1977760269745955E-12
GravitationalAcceleration (EGM2008 10x10),LEO 800 km,dadr,1E-07,1.469617081541658E-09,1.4730720758097722E-09,1.1977760269745955E-12
GravitationalAcceleration (EGM2008 10x10),LEO 800 km,dadr,3.162277660168379E-07,5.25869070549829E-10,5.271053617220996E-10,1.1977760269745955E-12
GravitationalAcceleration (EGM2008 10x10),LEO 800 km,dadr,1E-06,1.9255533184897122E-10,1.9300801954305755E-10,1.1977760269745955E-12
GravitationalAcceleration (EGM2008 10x10),LEO 800 km,dadr,3E-06,4.359267927763467E-11,4.3695163427368396E-11,1.1977760269745955E-12
GravitationalAcceleration (EGM2008 10x10),LEO 800 km,dadr,3.162277660168379E-06,6.419979813257072E-11,6.435072856019574E-11,1.1977760269745955E-12
GravitationalAcceleration (EGM2008 10x10),LEO 800 km,dadr,1E-05,1.0706964850192694E-10,1.0732136374565226E-10,1.1977760269745955E-12
GravitationalAcceleration (EGM2008 10x10),LEO 800 km,dadr,3.1622776601683795E-05,1.2310648381686762E-09,1.2339590083664586E-09,1.1977760269745955E-12
GravitationalAcceleration (EGM2008 10x10),LEO 800 km,dadr,0.0001,1.2330206300483629E-08,1.2359193982123901E-08,1.1977760269745955E-12
GravitationalAcceleration (EGM2008 10x10),LEO 800 km,dadr,0.00031622776601683794,1.23292322625848E-07,1.2358217654312004E-07,1.1977760269745955E-12
GravitationalAcceleration (EGM2008 10x10),LEO 800 km,dadr,0.001,1.2329233948714794E-06,1.2358219344406005E-06,1.1977760269745955E-12
GravitationalAcceleration (EGM2008 10x10),LEO 800 km,dadr,0.0031622776601683794,1.2329192804343583E-05,1.235817810330649E-05,1.1977760269745955E-12
GravitationalAcceleration (EGM2008 10x10),LEO 800 km,dadr,0.01,0.00012328794397327626,0.00012357778759656103,1.1977760269745955E-12
AtmosphericDrag,LEO 800 km,dadr,1E-12,0.0002060657756301607,2.2811721726696696E-10,1.7993096551491793E-12
AtmosphericDrag,LEO 800 km,dadv,1E-12,4.865855394642876E-05,4.865855394642876E-05,8.962534851705346E-14
AtmosphericDrag,LEO 800 km,dadr,3.1622776601683794E-12,0.00010825301962426034,1.1983735543622342E-10,1.7993096551491793E-12
AtmosphericDrag,LEO 800 km,dadv,3.1622776601683794E-12,1.2391892125294972E-05,1.2391892125294972E-05,8.962534851705346E-14
AtmosphericDrag,LEO 800 km,dadr,1E-11,1.798616217209785E-05,1.9910891323240295E-11,1.7993096551491793E-12
AtmosphericDrag,LEO 800 km,dadv,1E-11,4.712271582456642E-06,4.712271582456642E-06,8.962534851705346E-14
AtmosphericDrag,LEO 800 km,dadr,3.1622776601683794E-11,7.36989023368489E-06,8.158554454421137E-12,1.7993096551491793E-12
AtmosphericDrag,LEO 800 km,dadv,3.1622776601683794E-11,1.1113668480064661E-06,1.1113668480064661E-06,8.962534851705346E-14
AtmosphericDrag,LEO 800 km,dadr,1E-10,2.1324979542082696E-06,2.360700109728896E-12,1.7993096551491793E-12
AtmosphericDrag,LEO 800 km,dadv,1E-10,7.344782452566127E-07,7.344782452566127E-07,8.962534851705346E-14
AtmosphericDrag,LEO 800 km,dadr,3.1622776601683795E-10,1.8505597900689214E-07,2.0485912733724135E-13,1.7993096551491793E-12
AtmosphericDrag,LEO 800 km,dadv,3.1622776601683795E-10,9.611000347945182E-08,9.611000347945182E-08,8.962534851705346E-14
AtmosphericDrag,LEO 800 km,dadr,1E-09,2.0833160807068844E-07,2.3062552020832526E-13,1.7993096551491793E-12
AtmosphericDrag,LEO 800 km,dadv,1E-09,1.3484458215960298E-08,1.3484458215960298E-08,8.962534851705346E-14
AtmosphericDrag,LEO 800 km,dadr,3.1622776601683795E-09,4.599756083592671E-08,5.091983638171814E-14,1.7993096551491793E-12
AtmosphericDrag,LEO 800 km,dadv,3.1622776601683795E-09,1.2385734382297957E-08,1.2385734382297957E-08,8.962534851705346E-14
AtmosphericDrag,LEO 800 km,dadr,1E-08,1.9929005954797496E-08,2.2061642052897135E-14,1.7993096551491793E-12
AtmosphericDrag,LEO 800 km,dadv,1E-08,5.176787221102091E-09,5.176787221102091E-09,8.962534851705346E-14
AtmosphericDrag,LEO 800 km,dadr,3.162277660168379E-08,3.4153364573362016E-09,3.780817296299849E-15,1.7993096551491793E-12
AtmosphericDrag,LEO 800 km,dadv,3.162277660168379E-08,1.3778929132254527E-09,1.3778929132254527E-09,8.962534851705346E-14
AtmosphericDrag,LEO 800 km,dadr,1E-07,2.53663036288457E-09,2.8080794001167027E-15,1.7993096551491793E-12
AtmosphericDrag,LEO 800 km,dadv,1E-07,5.379435383231975E-10,5.379435383231975E-10,8.962534851705346E-14
AtmosphericDrag,LEO 800 km,dadr,3.162277660168379E-07,5.530530820862355E-10,6.122362129306737E-16,1.7993096551491793E-12
AtmosphericDrag,LEO 800 km,dadv,3.162277660168379E-07,1.8153599985191902E-10,1.8153599985191902E-10,8.962534851705346E-14
AtmosphericDrag,LEO 800 km,dadr,1E-06,6.708278406478276E-10,7.426142444363916E-16,1.7993096551491793E-12
AtmosphericDrag,LEO 800 km,dadv,1E-06,2.549138746875192E-11,2.549138746875192E-11,8.962534851705346E-14
AtmosphericDrag,LEO 800 km,dadr,3E-06,6.046419902235566E-09,6.6934573599503856E-15,1.7993096551491793E-12
AtmosphericDrag,LEO 800 km,dadv,3E-06,1.0711590523903634E-11,1.0711590523903634E-11,8.962534851705346E-14
AtmosphericDrag,LEO 800 km,dadr,3.162277660168379E-06,6.677852429098139E-09,7.392460532501747E-15,1.7993096551491793E-12
AtmosphericDrag,LEO 800 km,dadv,3.162277660168379E-06,1.755390264531653E-11,1.755390264531653E-11,8.962534851705346E-14
AtmosphericDrag,LEO 800 km,dadr,1E-05,6.652528396148321E-08,7.364426532635328E-14,1.7993096551491793E-12
AtmosphericDrag,LEO 800 km,dadv,1E-05,2.674078326486449E-11,2.674078326486449E-11,8.962534851705346E-14
AtmosphericDrag,LEO 800 km,dadr,3.1622776601683795E-05,6.651004890623164E-07,7.362739994248122E-13,1.7993096551491793E-12
AtmosphericDrag,LEO 800 km,dadv,3.1622776601683795E-05,2.6664714585780853E-10,2.6664714585780853E-10,8.962534851705346E-14
AtmosphericDrag,LEO 800 km,dadr,0.0001,6.651011568199983E-06,7.362747386403552E-12,1.7993096551491793E-12
AtmosphericDrag,LEO 800 km,dadv,0.0001,2.6631928427942207E-09,2.6631928427942207E-09,8.962534851705346E-14
AtmosphericDrag,LEO 800 km,dadr,0.00031622776601683794,6.651155714102315E-05,7.362906957598815E-11,1.7993096551491793E-12
AtmosphericDrag,LEO 800 km,dadv,0.00031622776601683794,2.663146024542665E-08,2.663146024542665E-08,8.962534851705346E-14
AtmosphericDrag,LEO 800 km,dadr,0.001,0.000665260036213139,7.36450619981803E-10,1.7993096551491793E-12
AtmosphericDrag,LEO 800 km,dadv,0.001,2.6631445561535283E-07,2.6631445561535283E-07,8.962534851705346E-14
AtmosphericDrag,LEO 800 km,dadr,0.0031622776601683794,0.006667067763431436,7.38052178181149E-09,1.7993096551491793E-12
AtmosphericDrag,LEO 800 km,dadv,0.0031622776601683794,2.663139774345285E-06,2.663139774345285E-06,8.962534851705346E-14
AtmosphericDrag,LEO 800 km,dadr,0.01,0.06813687045870001,7.542831037704586E-08,1.7993096551491793E-12
AtmosphericDrag,LEO 800 km,dadv,0.01,2.6630911603640886E-05,2.6630911603640886E-05,8.962534851705346E-14
SolarRadiationPressure,LEO 800 km,dadr,1E-12,1.7990497851076368,7.671014877735652E-12,5.4859800822625E-09
SolarRadiationPressure,LEO 800 km,dadr,3.1622776601683794E-12,0.01146818272923736,4.889948075078281E-14,5.4859800822625E-09
SolarRadiationPressure,LEO 800 km,dadr,1E-11,0.09905710294420284,4.2237214151631116E-13,5.4859800822625E-09
SolarRadiationPressure,LEO 800 km,dadr,3.1622776601683794E-11,0.03158326270253761,1.346686901519539E-13,5.4859800822625E-09
SolarRadiationPressure,LEO 800 km,dadr,1E-10,0.02994498392694762,1.276831909370572E-13,5.4859800822625E-09
SolarRadiationPressure,LEO 800 km,dadr,3.1622776601683795E-10,0.007203500009516097,3.0715189875337885E-14,5.4859800822625E-09
SolarRadiationPressure,LEO 800 km,dadr,1E-09,0.0017313185111175159,7.382213747957511E-15,5.4859800822625E-09
SolarRadiationPressure,LEO 800 km,dadr,3.1622776601683795E-09,0.0006520941318798103,2.7804810232279687E-15,5.4859800822625E-09
SolarRadiationPressure,LEO 800 km,dadr,1E-08,0.00021577205310604295,9.200360341762265E-16,5.4859800822625E-09
SolarRadiationPressure,LEO 800 km,dadr,3.162277660168379E-08,2.1206240327642664E-05,9.04218362386519E-17,5.4859800822625E-09
SolarRadiationPressure,LEO 800 km,dadr,1E-07,2.3284441631875736E-05,9.928313249385684E-17,5.4859800822625E-09
SolarRadiationPressure,LEO 800 km,dadr,3.162277660168379E-07,5.230482275006534E-06,2.2302388561696854E-17,5.4859800822625E-09
SolarRadiationPressure,LEO 800 km,dadr,1E-06,3.026361538101967E-06,1.2904181182956077E-17,5.4859800822625E-09
SolarRadiationPressure,LEO 800 km,dadr,3E-06,5.426814924264094E-07,2.3139536419364333E-18,5.4859800822625E-09
SolarRadiationPressure,LEO 800 km,dadr,3.162277660168379E-06,6.01576365672821E-07,2.5650770141940548E-18,5.4859800822625E-09
SolarRadiationPressure,LEO 800 km,dadr,1E-05,2.700412279602281E-07,1.1514357715014414E-18,5.4859800822625E-09
SolarRadiationPressure,LEO 800 km,dadr,3.1622776601683795E-05,5.8242302447145434E-08,2.4834085876000456E-19,5.4859800822625E-09
SolarRadiationPressure,LEO 800 km,dadr,0.0001,2.451513199427273E-08,1.0453070493903427E-19,5.4859800822625E-09
SolarRadiationPressure,LEO 800 km,dadr,0.00031622776601683794,8.287964047697181E-09,3.533926411726258E-20,5.4859800822625E-09
SolarRadiationPressure,LEO 800 km,dadr,0.001,4.281415367216937E-09,1.825563764358094E-20,5.4859800822625E-09
SolarRadiationPressure,LEO 800 km,dadr,0.0031622776601683794,3.728356721084722E-09,1.5897436587745937E-20,5.4859800822625E-09
SolarRadiationPressure,LEO 800 km,dadr,0.01,4.262078590013579E-09,1.8173187059476873E-20,5.4859800822625E-09
AlbedoRadiationPressure,LEO 800 km,dadr,1E-12,0.00012041701513321784,1.3975526176259802E-12,7.696943315728677E-13
AlbedoRadiationPressure,LEO 800 km,dadr,3.1622776601683794E-12,6.570814741893564E-05,7.626047973626877E-13,7.696943315728677E-13
AlbedoRadiationPressure,LEO 800 km,dadr,1E-11,1.2891929733953204E-05,1.496229592305046E-13,7.696943315728677E-13
AlbedoRadiationPressure,LEO 800 km,dadr,3.1622776601683794E-11,6.3350305755185645E-06,7.352398291688167E-14,7.696943315728677E-13
AlbedoRadiationPressure,LEO 800 km,dadr,1E-10,2.128904978542244E-06,2.470794282807256E-14,7.696943315728677E-13
AlbedoRadiationPressure,LEO 800 km,dadr,3.1622776601683795E-10,3.972969717468518E-07,4.611004700834178E-15,7.696943315728677E-13
AlbedoRadiationPressure,LEO 800 km,dadr,1E-09,1.1047566826003009E-07,1.2821739451852052E-15,7.696943315728677E-13
AlbedoRadiationPressure,LEO 800 km,dadr,3.1622776601683795E-09,2.6029210743144246E-08,3.02093450569052E-16,7.696943315728677E-13
AlbedoRadiationPressure,LEO 800 km,dadr,1E-08,6.5741625257748225E-09,7.629933391415488E-17,7.696943315728677E-13
AlbedoRadiationPressure,LEO 800 km,dadr,3.162277660168379E-08,6.7767190557135795E-09,7.865019278837601E-17,7.696943315728677E-13
AlbedoRadiationPressure,LEO 800 km,dadr,1E-07,6.190984728314111E-10,7.185219549883262E-18,7.696943315728677E-13
AlbedoRadiationPressure,LEO 800 km,dadr,3.162277660168379E-07,3.863354849812596E-10,4.4837863463069706E-18,7.696943315728677E-13
AlbedoRadiationPressure,LEO 800 km,dadr,1E-06,3.1750411613288823E-11,3.684933629335043E-19,7.696943315728677E-13
AlbedoRadiationPressure,LEO 800 km,dadr,3E-06,2.8994280787018606E-11,3.36505874732503E-19,7.696943315728677E-13
AlbedoRadiationPressure,LEO 800 km,dadr,3.162277660168379E-06,3.21334477123169E-11,3.7293885680536045E-19,7.696943315728677E-13
AlbedoRadiationPressure,LEO 800 km,dadr,1E-05,1.4308258508458214E-10,1.6606078559614453E-18,7.696943315728677E-13
AlbedoRadiationPressure,LEO 800 km,dadr,3.1622776601683795E-05,1.4109532675112086E-09,1.6375438555562263E-17,7.696943315728677E-13
AlbedoRadiationPressure,LEO 800 km,dadr,0.0001,1.4114404994344685E-08,1.6381093339888126E-16,7.696943315728677E-13
AlbedoRadiationPressure,LEO 800 km,dadr,0.00031622776601683794,1.411447050519104E-07,1.6381169371381436E-15,7.696943315728677E-13
AlbedoRadiationPressure,LEO 800 km,dadr,0.001,1.4114481672356821E-06,1.6381182331926716E-14,7.696943315728677E-13
AlbedoRadiationPressure,LEO 800 km,dadr,0.0031622776601683794,1.4114427117528216E-05,1.638111901592155E-13,7.696943315728677E-13
AlbedoRadiationPressure,LEO 800 km,dadr,0.01,0.0001411385921087493,1.638045990688369E-12,7.696943315728677E-13
ThermalRadiationPressure,LEO 800 km,dadr,1E-12,6.534161976950802E-05,7.481359499461669E-13,7.321546230309959E-13
ThermalRadiationPressure,LEO 800 km,dadr,3.1622776601683794E-12,5.3055555336347464E-05,6.074653250331965E-13,7.321546230309959E-13
ThermalRadiationPressure,LEO 800 km,dadr,1E-11,8.203849134306217E-06,9.393085887615779E-14,7.321546230309959E-13
ThermalRadiationPressure,LEO 800 km,dadr,3.1622776601683794E-11,5.029670913814621E-06,5.758776167926085E-14,7.321546230309959E-13
ThermalRadiationPressure,LEO 800 km,dadr,1E-10,1.4169970860726902E-06,1.6224061552184635E-14,7.321546230309959E-13
ThermalRadiationPressure,LEO 800 km,dadr,3.1622776601683795E-10,2.9999302440414413E-07,3.4348026125081143E-15,7.321546230309959E-13
ThermalRadiationPressure,LEO 800 km,dadr,1E-09,8.638455016484815E-08,9.890692597799611E-16,7.321546230309959E-13
ThermalRadiationPressure,LEO 800 km,dadr,3.1622776601683795E-09,1.1514501482710308E-08,1.3183653137634613E-16,7.321546230309959E-13
ThermalRadiationPressure,LEO 800 km,dadr,1E-08,3.841810815027436E-09,4.3987228871165295E-17,7.321546230309959E-13
ThermalRadiationPressure,LEO 800 km,dadr,3.162277660168379E-08,5.72344804416131E-09,6.553123804690758E-17,7.321546230309959E-13
ThermalRadiationPressure,LEO 800 km,dadr,1E-07,7.101403607588319E-10,8.130828945861966E-18,7.321546230309959E-13
ThermalRadiationPressure,LEO 800 km,dadr,3.162277660168379E-07,3.271663336108491E-10,3.7459263582654224E-18,7.321546230309959E-13
ThermalRadiationPressure,LEO 800 km,dadr,1E-06,2.4859876130145927E-11,2.846358432768738E-19,7.321546230309959E-13
ThermalRadiationPressure,LEO 800 km,dadr,3E-06,2.9860139604733177E-11,3.418869012968212E-19,7.321546230309959E-13
ThermalRadiationPressure,LEO 800 km,dadr,3.162277660168379E-06,1.6325081900136515E-11,1.8691579269675588E-19,7.321546230309959E-13
ThermalRadiationPressure,LEO 800 km,dadr,1E-05,1.2728156936945122E-10,1.4573241089944638E-18,7.321546230309959E-13
ThermalRadiationPressure,LEO 800 km,dadr,3.1622776601683795E-05,1.2291666050678618E-09,1.407347612392183E-17,7.321546230309959E-13
ThermalRadiationPressure,LEO 800 km,dadr,0.0001,1.2297498192886891E-08,1.4080153698286528E-16,7.321546230309959E-13
ThermalRadiationPressure,LEO 800 km,dadr,0.00031622776601683794,1.229721835688772E-07,1.4079833297029553E-15,7.321546230309959E-13
ThermalRadiationPressure,LEO 800 km,dadr,0.001,1.229721110744219E-06,1.4079824996698406E-14,7.321546230309959E-13
ThermalRadiationPressure,LEO 800 km,dadr,0.0031622776601683794,1.229717172429228E-05,1.4079779904534523E-13,7.321546230309959E-13
ThermalRadiationPressure,LEO 800 km,dadr,0.01,0.00012296782065417513,1.4079333760387106E-12,7.321546230309959E-13
GravitationalAcceleration,GEO,dadr,1E-12,4.0329275138863325E-05,4.0329275138863325E-05,0
GravitationalAcceleration,GEO,dadr,3.1622776601683794E-12,2.2697973879750057E-05,2.2697973879750057E-05,0
GravitationalAcceleration,GEO,dadr,1E-11,8.120969394589391E-06,8.120969394589391E-06,0
GravitationalAcceleration,GEO,dadr,3.1622776601683794E-11,2.1010333532030334E-06,2.1010333532030334E-06,0
GravitationalAcceleration,GEO,dadr,1E-10,7.955616067699729E-07,7.955616067699729E-07,0
GravitationalAcceleration,GEO,dadr,3.1622776601683795E-10,3.901039240313347E-07,3.901039240313347E-07,0
GravitationalAcceleration,GEO,dadr,1E-09,4.2025385923355236E-08,4.2025385923355236E-08,0
GravitationalAcceleration,GEO,dadr,3.1622776601683795E-09,1.4953958164957863E-08,1.4953958164957863E-08,0
GravitationalAcceleration,GEO,dadr,1E-08,6.367879686317953E-09,6.367879686317953E-09,0
GravitationalAcceleration,GEO,dadr,3.162277660168379E-08,1.913076987264749E-09,1.913076987264749E-09,0
GravitationalAcceleration,GEO,dadr,1E-07,4.3215928524566293E-10,4.3215928524566293E-10,0
GravitationalAcceleration,GEO,dadr,3.162277660168379E-07,1.6968443433413257E-10,1.6968443433413257E-10,0
GravitationalAcceleration,GEO,dadr,1E-06,5.51052514705035E-11,5.51052514705035E-11,0
GravitationalAcceleration,GEO,dadr,3E-06,3.3555500111384876E-11,3.3555500111384876E-11,0
GravitationalAcceleration,GEO,dadr,3.162277660168379E-06,3.7003931192597486E-11,3.7003931192597486E-11,0
GravitationalAcceleration,GEO,dadr,1E-05,1.3292078312200822E-10,1.3292078312200822E-10,0
GravitationalAcceleration,GEO,dadr,3.1622776601683795E-05,1.375705923292473E-09,1.375705923292473E-09,0
GravitationalAcceleration,GEO,dadr,0.0001,1.3759954386891503E-08,1.3759954386891503E-08,0
GravitationalAcceleration,GEO,dadr,0.00031622776601683794,1.3759462589890111E-07,1.3759462589890111E-07,0
GravitationalAcceleration,GEO,dadr,0.001,1.3759466288025993E-06,1.3759466288025993E-06,0
GravitationalAcceleration,GEO,dadr,0.0031622776601683794,1.3759447889684415E-05,1.3759447889684415E-05,0
GravitationalAcceleration,GEO,dadr,0.01,0.00013759267934417788,0.00013759267934417788,0
ThirdBodyPerturbation (Moon),GEO,dadr,1E-12,0.00010511908856009828,1.8087816786525762E-09,0
ThirdBodyPerturbation (Moon),GEO,dadr,3.1622776601683794E-12,5.201048822297474E-05,8.949432446963023E-10,0
ThirdBodyPerturbation (Moon),GEO,dadr,1E-11,1.339153923364624E-05,2.3042789988545381E-10,0
ThirdBodyPerturbation (Moon),GEO,dadr,3.1622776601683794E-11,2.0773634748007202E-06,3.574514433668604E-11,0
ThirdBodyPerturbation (Moon),GEO,dadr,1E-10,1.9976389401656813E-06,3.437332614874088E-11,0
ThirdBodyPerturbation (Moon),GEO,dadr,3.1622776601683795E-10,4.805667638384997E-07,8.26910097592293E-12,0
ThirdBodyPerturbation (Moon),GEO,dadr,1E-09,6.50845585702461E-08,1.1199084649382885E-12,0
ThirdBodyPerturbation (Moon),GEO,dadr,3.1622776601683795E-09,6.964497792262019E-08,1.1983794932218996E-12,0
ThirdBodyPerturbation (Moon),GEO,dadr,1E-08,1.3825119302660148E-08,2.3788850191124963E-13,0
ThirdBodyPerturbation (Moon),GEO,dadr,3.162277660168379E-08,3.0924717795250716E-09,5.3212089004720806E-14,0
ThirdBodyPerturbation (Moon),GEO,dadr,1E-07,1.8360712193938306E-09,3.1593234186407124E-14,0
ThirdBodyPerturbation (Moon),GEO,dadr,3.162277660168379E-07,6.331024760852063E-10,1.089377938049572E-14,0
ThirdBodyPerturbation (Moon),GEO,dadr,1E-06,1.2982663938577965E-10,2.233923923225211E-15,0
ThirdBodyPerturbation (Moon),GEO,dadr,3E-06,2.482653011345817E-11,4.271895183724529E-16,0
ThirdBodyPerturbation (Moon),GEO,dadr,3.162277660168379E-06,5.3996684754895463E-11,9.29119681596129E-16,0
ThirdBodyPerturbation (Moon),GEO,dadr,1E-05,1.0951217912225487E-11,1.8843734843877206E-16,0
ThirdBodyPerturbation (Moon),GEO,dadr,3.1622776601683795E-05,2.312110740386376E-11,3.978443500141027E-16,0
ThirdBodyPerturbation (Moon),GEO,dadr,0.0001,1.8333060345803877E-10,3.154565371651194E-15,0
ThirdBodyPerturbation (Moon),GEO,dadr,0.00031622776601683794,1.8435809197344528E-09,3.1722453423125706E-14,0
ThirdBodyPerturbation (Moon),GEO,dadr,0.001,1.84352873972641E-08,3.1721555562957465E-13,0
ThirdBodyPerturbation (Moon),GEO,dadr,0.0031622776601683794,1.8435356272614764E-07,3.1721674076610984E-12,0
ThirdBodyPerturbation (Moon),GEO,dadr,0.01,1.843535604975423E-06,3.1721673693135385E-11,0
ThirdBodyPerturbation (Sun),GEO,dadr,1E-12,0.00016474257892536327,1.2433758092860921E-09,0
ThirdBodyPerturbation (Sun),GEO,dadr,3.1622776601683794E-12,5.5786829831957765E-05,4.2104473016196616E-10,0
ThirdBodyPerturbation (Sun),GEO,dadr,1E-11,1.6469855844059296E-05,1.2430435697021698E-10,0
ThirdBodyPerturbation (Sun),GEO,dadr,3.1622776601683794E-11,2.6366440329987983E-06,1.98997698695398E-11,0
ThirdBodyPerturbation (Sun),GEO,dadr,1E-10,3.1872364708983433E-06,2.4055303445169356E-11,0
ThirdBodyPerturbation (Sun),GEO,dadr,3.1622776601683795E-10,8.861033356543364E-07,6.687763778297225E-12,0
ThirdBodyPerturbation (Sun),GEO,dadr,1E-09,1.797977658945004E-07,1.3570031144054632E-12,0
ThirdBodyPerturbation (Sun),GEO,dadr,3.1622776601683795E-09,8.095354539398912E-08,6.109876431182477E-13,0
ThirdBodyPerturbation (Sun),GEO,dadr,1E-08,2.183074720853181E-08,1.647650726047324E-13,0
ThirdBodyPerturbation (Sun),GEO,dadr,3.162277660168379E-08,7.054498230088832E-09,5.3243020129713346E-14,0
ThirdBodyPerturbation (Sun),GEO,dadr,1E-07,2.9949966870073892E-09,2.2604395620175982E-14,0
ThirdBodyPerturbation (Sun),GEO,dadr,3.162277660168379E-07,3.051221586722241E-10,2.3028746632773974E-15,0
ThirdBodyPerturbation (Sun),GEO,dadr,1E-06,2.4028502304591683E-10,1.8135237832133224E-15,0
ThirdBodyPerturbation (Sun),GEO,dadr,3E-06,1.178979835473239E-10,8.898215729205357E-16,0
ThirdBodyPerturbation (Sun),GEO,dadr,3.162277660168379E-06,7.02562153018278E-11,5.30250765334105E-16,0
ThirdBodyPerturbation (Sun),GEO,dadr,1E-05,2.0505276011571202E-11,1.5476123004650125E-16,0
ThirdBodyPerturbation (Sun),GEO,dadr,3.1622776601683795E-05,2.6964696242813423E-12,2.0351296690730654E-17,0
ThirdBodyPerturbation (Sun),GEO,dadr,0.0001,1.8663740838459856E-12,1.4086245353631028E-17,0
ThirdBodyPerturbation (Sun),GEO,dadr,0.00031622776601683794,1.003800158448978E-12,7.576067113399131E-18,0
ThirdBodyPerturbation (Sun),GEO,dadr,0.001,1.5658036535694613E-13,1.1817724340846244E-18,0
ThirdBodyPerturbation (Sun),GEO,dadr,0.0031622776601683794,1.5108693846934514E-12,1.140311421718056E-17,0
ThirdBodyPerturbation (Sun),GEO,dadr,0.01,1.48115119922827E-11,1.1178819604674675E-16,0
GravitationalAcceleration (EGM2008 10x10),GEO,dadr,1E-12,0.0001605290086314391,0.00016054093283915516,1.4738385502904675E-12
GravitationalAcceleration (EGM2008 10x10),GEO,dadr,3.1622776601683794E-12,3.299730973895286E-05,3.2999760802338555E-05,1.4738385502904675E-12
GravitationalAcceleration (EGM2008 10x10),GEO,dadr,1E-11,1.3169344453104217E-05,1.3170322681276694E-05,1.4738385502904675E-12
GravitationalAcceleration (EGM2008 10x10),GEO,dadr,3.1622776601683794E-11,3.547930027262843E-06,3.5481935700017397E-06,1.4738385502904675E-12
GravitationalAcceleration (EGM2008 10x10),GEO,dadr,1E-10,9.494186391854795E-07,9.494891626700487E-07,1.4738385502904675E-12
GravitationalAcceleration (EGM2008 10x10),GEO,dadr,3.1622776601683795E-10,2.702021326280015E-07,2.702222034325386E-07,1.4738385502904675E-12
GravitationalAcceleration (EGM2008 10x10),GEO,dadr,1E-09,1.189767292787066E-07,1.189855669538744E-07,1.4738385502904675E-12
GravitationalAcceleration (EGM2008 10x10),GEO,dadr,3.1622776601683795E-09,3.296957358161334E-08,3.297202258473775E-08,1.4738385502904675E-12
GravitationalAcceleration (EGM2008 10x10),GEO,dadr,1E-08,6.454320074221655E-09,6.454799505658297E-09,1.4738385502904675E-12
GravitationalAcceleration (EGM2008 10x10),GEO,dadr,3.162277660168379E-08,4.9261216662877575E-09,4.926487582071354E-09,1.4738385502904675E-12
GravitationalAcceleration (EGM2008 10x10),GEO,dadr,1E-07,1.2181433022764367E-09,1.2182337868180663E-09,1.4738385502904675E-12
GravitationalAcceleration (EGM2008 10x10),GEO,dadr,3.162277660168379E-07,3.401382121160173E-10,3.4016347782174873E-10,1.4738385502904675E-12
GravitationalAcceleration (EGM2008 10x10),GEO,dadr,1E-06,2.803790228811919E-10,2.803998496322979E-10,1.4738385502904675E-12
GravitationalAcceleration (EGM2008 10x10),GEO,dadr,3E-06,3.4172182607136465E-11,3.4174720940905495E-11,1.4738385502904675E-12
GravitationalAcceleration (EGM2008 10x10),GEO,dadr,3.162277660168379E-06,3.5893930480237514E-11,3.589659670665006E-11,1.4738385502904675E-12
GravitationalAcceleration (EGM2008 10x10),GEO,dadr,1E-05,1.4066134950867178E-10,1.4067179793268844E-10,1.4738385502904675E-12
GravitationalAcceleration (EGM2008 10x10),GEO,dadr,3.1622776601683795E-05,1.3770884162098355E-09,1.3771907073063686E-09,1.4738385502904675E-12
GravitationalAcceleration (EGM2008 10x10),GEO,dadr,0.0001,1.3760822313560663E-08,1.3761844477124803E-08,1.4738385502904675E-12
GravitationalAcceleration (EGM2008 10x10),GEO,dadr,0.00031622776601683794,1.3760616393706167E-07,1.3761638541974437E-07,1.4738385502904675E-12
GravitationalAcceleration (EGM2008 10x10),GEO,dadr,0.001,1.376061373445893E-06,1.3761635882529667E-06,1.4738385502904675E-12
GravitationalAcceleration (EGM2008 10x10),GEO,dadr,0.0031622776601683794,1.3760595079942739E-05,1.3761617226627806E-05,1.4738385502904675E-12
GravitationalAcceleration (EGM2008 10x10),GEO,dadr,0.01,0.00013760414960479477,0.00013761437093785144,1.4738385502904675E-12
SolarRadiationPressure,GEO,dadr,1E-12,0.038565745304490924,3.34286795486216E-11,1.4203587442080208E-09
SolarRadiationPressure,GEO,dadr,3.1622776601683794E-12,0.02752492972300162,2.3858531659218423E-11,1.4203587442080208E-09
SolarRadiationPressure,GEO,dadr,1E-11,0.006510758244988828,5.643506932690677E-12,1.4203587442080208E-09
SolarRadiationPressure,GEO,dadr,3.1622776601683794E-11,0.013033143530667151,1.1297092151545389E-11,1.4203587442080208E-09
SolarRadiationPressure,GEO,dadr,1E-10,0.002953673494402312,2.5602358765807236E-12,1.4203587442080208E-09
SolarRadiationPressure,GEO,dadr,3.1622776601683795E-10,0.0009317269282522622,8.07618280561E-13,1.4203587442080208E-09
SolarRadiationPressure,GEO,dadr,1E-09,0.0005694373361594259,4.935866812167507E-13,1.4203587442080208E-09
SolarRadiationPressure,GEO,dadr,3.1622776601683795E-09,9.117620903510784E-05,7.903128152272045E-14,1.4203587442080208E-09
SolarRadiationPressure,GEO,dadr,1E-08,4.5265721108157495E-05,3.9236199728925413E-14,1.4203587442080208E-09
SolarRadiationPressure,GEO,dadr,3.162277660168379E-08,1.6934798104631876E-05,1.4679035361321563E-14,1.4203587442080208E-09
SolarRadiationPressure,GEO,dadr,1E-07,3.1863874819428784E-06,2.7619517063813636E-15,1.4203587442080208E-09
SolarRadiationPressure,GEO,dadr,3.162277660168379E-07,9.084499451388435E-07,7.874418570739492E-16,1.4203587442080208E-09
SolarRadiationPressure,GEO,dadr,1E-06,5.397064254822682E-07,4.678160114716579E-16,1.4203587442080208E-09
SolarRadiationPressure,GEO,dadr,3E-06,1.0540997436219816E-07,9.136906927018493E-17,1.4203587442080208E-09
SolarRadiationPressure,GEO,dadr,3.162277660168379E-06,1.7319763236406802E-07,1.5012722054678387E-16,1.4203587442080208E-09
SolarRadiationPressure,GEO,dadr,1E-05,6.616185401528895E-08,5.734890895424307E-17,1.4203587442080208E-09
SolarRadiationPressure,GEO,dadr,3.1622776601683795E-05,1.444961482836394E-08,1.252488548800691E-17,1.4203587442080208E-09
SolarRadiationPressure,GEO,dadr,0.0001,5.014379111300225E-09,4.346449708763636E-18,1.4203587442080208E-09
SolarRadiationPressure,GEO,dadr,0.00031622776601683794,1.402622488448051E-09,1.2157892275599319E-18,1.4203587442080208E-09
SolarRadiationPressure,GEO,dadr,0.001,1.066859767035745E-09,9.247510451043201E-19,1.4203587442080208E-09
SolarRadiationPressure,GEO,dadr,0.0031622776601683794,9.163522326622045E-10,7.942915376709102E-19,1.4203587442080208E-09
SolarRadiationPressure,GEO,dadr,0.01,9.690665754455317E-10,8.399841817156974E-19,1.4203587442080208E-09
AlbedoRadiationPressure,GEO,dadr,1E-12,9.84190884725727E-05,1.2359329909316198E-12,1.0544290433367314E-12
AlbedoRadiationPressure,GEO,dadr,3.1622776601683794E-12,4.4011117903296436E-05,5.526853929319208E-13,1.0544290433367314E-12
AlbedoRadiationPressure,GEO,dadr,1E-11,1.1945116911203839E-05,1.500050884458889E-13,1.0544290433367314E-12
AlbedoRadiationPressure,GEO,dadr,3.1622776601683794E-11,4.077712145304997E-06,5.1207332298240866E-14,1.0544290433367314E-12
AlbedoRadiationPressure,GEO,dadr,1E-10,1.643542992719144E-06,2.0639380411272146E-14,1.0544290433367314E-12
AlbedoRadiationPressure,GEO,dadr,3.1622776601683795E-10,4.86954532159053E-07,6.115106131538364E-15,1.0544290433367314E-12
AlbedoRadiationPressure,GEO,dadr,1E-09,9.394269784839784E-08,1.1797191106917467E-15,1.0544290433367314E-12
AlbedoRadiationPressure,GEO,dadr,3.1622776601683795E-09,1.4566880789818592E-08,1.8292882836566907E-16,1.0544290433367314E-12
AlbedoRadiationPressure,GEO,dadr,1E-08,9.937211534086605E-09,1.2479009675309585E-16,1.0544290433367314E-12
AlbedoRadiationPressure,GEO,dadr,3.162277660168379E-08,3.022166916803795E-09,3.7951944633391174E-17,1.0544290433367314E-12
AlbedoRadiationPressure,GEO,dadr,1E-07,6.850228861157597E-10,8.602420502295167E-18,1.0544290433367314E-12
AlbedoRadiationPressure,GEO,dadr,3.162277660168379E-07,3.2771909307072394E-10,4.115450012496035E-18,1.0544290433367314E-12
AlbedoRadiationPressure,GEO,dadr,1E-06,3.608366710482101E-11,4.531335872011308E-19,1.0544290433367314E-12
AlbedoRadiationPressure,GEO,dadr,3E-06,3.0695663651194466E-11,3.8547180200337084E-19,1.0544290433367314E-12
AlbedoRadiationPressure,GEO,dadr,3.162277660168379E-06,2.7961603062448748E-11,3.5113785588296506E-19,1.0544290433367314E-12
AlbedoRadiationPressure,GEO,dadr,1E-05,1.392804571660033E-10,1.749064278841334E-18,1.0544290433367314E-12
AlbedoRadiationPressure,GEO,dadr,3.1622776601683795E-05,1.399702243032963E-09,1.7577262769788036E-17,1.0544290433367314E-12
AlbedoRadiationPressure,GEO,dadr,0.0001,1.4001880916183286E-08,1.7583363987596188E-16,1.0544290433367314E-12
AlbedoRadiationPressure,GEO,dadr,0.00031622776601683794,1.400077938081455E-07,1.7581980695062159E-15,1.0544290433367314E-12
AlbedoRadiationPressure,GEO,dadr,0.001,1.4000723554843107E-06,1.758191058959692E-14,1.0544290433367314E-12
AlbedoRadiationPressure,GEO,dadr,0.0031622776601683794,1.400064564425263E-05,1.75818127505795E-13,1.0544290433367314E-12
AlbedoRadiationPressure,GEO,dadr,0.01,0.00013999922951107526,1.758090520275091E-12,1.0544290433367314E-12
ThermalRadiationPressure,GEO,dadr,1E-12,4.304837985139663E-05,4.928870858631373E-13,8.2249158633601E-13
ThermalRadiationPressure,GEO,dadr,3.1622776601683794E-12,1.1557612399548139E-05,1.3233013448621407E-13,8.2249158633601E-13
ThermalRadiationPressure,GEO,dadr,1E-11,1.0429471731798253E-05,1.1941336576947233E-13,8.2249158633601E-13
ThermalRadiationPressure,GEO,dadr,3.1622776601683794E-11,2.768666948188151E-06,3.1700151980836276E-14,8.2249158633601E-13
ThermalRadiationPressure,GEO,dadr,1E-10,1.333607453283887E-06,1.5269282923155807E-14,8.2249158633601E-13
ThermalRadiationPressure,GEO,dadr,3.1622776601683795E-10,5.10014117920301E-07,5.839461861249119E-15,8.2249158633601E-13
ThermalRadiationPressure,GEO,dadr,1E-09,2.3058442770752445E-08,2.6401013699123856E-16,8.2249158633601E-13
ThermalRadiationPressure,GEO,dadr,3.1622776601683795E-09,2.0728979148249387E-08,2.3733869103942375E-16,8.2249158633601E-13
ThermalRadiationPressure,GEO,dadr,1E-08,5.513034586809931E-09,6.312208638595893E-17,8.2249158633601E-13
ThermalRadiationPressure,GEO,dadr,3.162277660168379E-08,2.6996491475403007E-09,3.0909925199911375E-17,8.2249158633601E-13
ThermalRadiationPressure,GEO,dadr,1E-07,4.943171216159904E-10,5.6597374025832234E-18,8.2249158633601E-13
ThermalRadiationPressure,GEO,dadr,3.162277660168379E-07,2.0631182726557777E-10,2.362189603210595E-18,8.2249158633601E-13
ThermalRadiationPressure,GEO,dadr,1E-06,4.084584869752474E-11,4.676689669536176E-19,8.2249158633601E-13
ThermalRadiationPressure,GEO,dadr,3E-06,2.384611268095016E-11,2.730286489073574E-19,8.2249158633601E-13
ThermalRadiationPressure,GEO,dadr,3.162277660168379E-06,4.4927462456476974E-11,5.144018455941964E-19,8.2249158633601E-13
ThermalRadiationPressure,GEO,dadr,1E-05,1.335204160108922E-10,1.5287564590821022E-18,8.2249158633601E-13
ThermalRadiationPressure,GEO,dadr,3.1622776601683795E-05,1.3759674734881915E-09,1.575428856071236E-17,8.2249158633601E-13
ThermalRadiationPressure,GEO,dadr,0.0001,1.3760042933762425E-08,1.5754710134007009E-16,8.2249158633601E-13
ThermalRadiationPressure,GEO,dadr,0.00031622776601683794,1.3759486053285623E-07,1.575407252767587E-15,8.2249158633601E-13
ThermalRadiationPressure,GEO,dadr,0.001,1.375946879999806E-06,1.5754052773337478E-14,8.2249158633601E-13
ThermalRadiationPressure,GEO,dadr,0.0031622776601683794,1.3759448134298836E-05,1.5754029111921408E-13,8.2249158633601E-13
ThermalRadiationPressure,GEO,dadr,0.01,0.00013759267958537625,1.5753822817732887E-12,8.2249158633601E-13
GravitationalAcceleration,HEO perigee,dadr,1E-12,6.445960042346385E-05,6.445960042346385E-05,0
GravitationalAcceleration,HEO perigee,dadr,3.1622776601683794E-12,2.619802224792936E-05,2.6198022247929365E-05,0
GravitationalAcceleration,HEO perigee,dadr,1E-11,8.53402640220493E-06,8.53402640220493E-06,0
GravitationalAcceleration,HEO perigee,dadr,3.1622776601683794E-11,1.5731986095252982E-06,1.5731986095252982E-06,0
GravitationalAcceleration,HEO perigee,dadr,1E-10,9.38574677779681E-07,9.38574677779681E-07,0
GravitationalAcceleration,HEO perigee,dadr,3.1622776601683795E-10,1.9369716984232333E-07,1.9369716984232333E-07,0
GravitationalAcceleration,HEO perigee,dadr,1E-09,1.0381795384363059E-07,1.0381795384363059E-07,0
GravitationalAcceleration,HEO perigee,dadr,3.1622776601683795E-09,3.256301259008972E-08,3.256301259008972E-08,0
GravitationalAcceleration,HEO perigee,dadr,1E-08,4.5016827097015516E-09,4.5016827097015516E-09,0
GravitationalAcceleration,HEO perigee,dadr,3.162277660168379E-08,3.534338814626425E-09,3.534338814626425E-09,0
GravitationalAcceleration,HEO perigee,dadr,1E-07,7.335076911631008E-10,7.335076911631008E-10,0
GravitationalAcceleration,HEO perigee,dadr,3.162277660168379E-07,4.856640039563248E-10,4.856640039563248E-10,0
GravitationalAcceleration,HEO perigee,dadr,1E-06,7.642157923307354E-11,7.642157923307355E-11,0
GravitationalAcceleration,HEO perigee,dadr,3E-06,4.5692187737662566E-11,4.5692187737662566E-11,0
GravitationalAcceleration,HEO perigee,dadr,3.162277660168379E-06,5.855576362845598E-11,5.855576362845598E-11,0
GravitationalAcceleration,HEO perigee,dadr,1E-05,1.4939309063771787E-10,1.493930906377179E-10,0
GravitationalAcceleration,HEO perigee,dadr,3.1622776601683795E-05,1.4673070897318107E-09,1.4673070897318105E-09,0
GravitationalAcceleration,HEO perigee,dadr,0.0001,1.4673537007023413E-08,1.4673537007023413E-08,0
GravitationalAcceleration,HEO perigee,dadr,0.00031622776601683794,1.467369179827562E-07,1.467369179827562E-07,0
GravitationalAcceleration,HEO perigee,dadr,0.001,1.4673679494107735E-06,1.4673679494107735E-06,0
GravitationalAcceleration,HEO perigee,dadr,0.0031622776601683794,1.4673671632556047E-05,1.4673671632556049E-05,0
GravitationalAcceleration,HEO perigee,dadr,0.01,0.00014673595947448312,0.00014673595947448312,0
ThirdBodyPerturbation (Moon),HEO perigee,dadr,1E-12,0.00027221581316485167,1.6156245433649788E-11,0
ThirdBodyPerturbation (Moon),HEO perigee,dadr,3.1622776601683794E-12,0.00012181480571802508,7.229814740560026E-12,0
ThirdBodyPerturbation (Moon),HEO perigee,dadr,1E-11,5.0890392610637735E-05,3.0203890937604883E-12,0
ThirdBodyPerturbation (Moon),HEO perigee,dadr,3.1622776601683794E-11,9.805411577609462E-06,5.819597112452559E-13,0
ThirdBodyPerturbation (Moon),HEO perigee,dadr,1E-10,2.2588145400109056E-06,1.3406260890293132E-13,0
ThirdBodyPerturbation (Moon),HEO perigee,dadr,3.1622776601683795E-10,8.3434447206089E-07,4.9519070586327005E-14,0
ThirdBodyPerturbation (Moon),HEO perigee,dadr,1E-09,2.5238095296774187E-07,1.4979029217733E-14,0
ThirdBodyPerturbation (Moon),HEO perigee,dadr,3.1622776601683795E-09,4.4402847799706085E-08,2.63534766281416E-15,0
ThirdBodyPerturbation (Moon),HEO perigee,dadr,1E-08,2.0545611447170358E-08,1.2193999212083567E-15,0
ThirdBodyPerturbation (Moon),HEO perigee,dadr,3.162277660168379E-08,2.804404655920938E-09,1.664438571351118E-16,0
ThirdBodyPerturbation (Moon),HEO perigee,dadr,1E-07,2.6057534125468698E-09,1.546537329452745E-16,0
ThirdBodyPerturbation (Moon),HEO perigee,dadr,3.162277660168379E-07,5.368805259639336E-10,3.186432648851083E-17,0
ThirdBodyPerturbation (Moon),HEO perigee,dadr,1E-06,1.3907383942150249E-10,8.254153412215924E-18,0
ThirdBodyPerturbation (Moon),HEO perigee,dadr,3E-06,8.781181922036335E-11,5.2117078975140844E-18,0
ThirdBodyPerturbation (Moon),HEO perigee,dadr,3.162277660168379E-06,4.956550767447064E-11,2.9417560196888572E-18,0
ThirdBodyPerturbation (Moon),HEO perigee,dadr,1E-05,1.5595665403197717E-11,9.256163153260816E-19,0
ThirdBodyPerturbation (Moon),HEO perigee,dadr,3.1622776601683795E-05,8.328553862775464E-12,4.943069204906368E-19,0
ThirdBodyPerturbation (Moon),HEO perigee,dadr,0.0001,3.041742360053604E-12,1.8053005644163102E-19,0
ThirdBodyPerturbation (Moon),HEO perigee,dadr,0.00031622776601683794,4.211176570028133E-11,2.4993699461760316E-18,0
ThirdBodyPerturbation (Moon),HEO perigee,dadr,0.001,4.1797062065349706E-10,2.48069201154136E-17,0
ThirdBodyPerturbation (Moon),HEO perigee,dadr,0.0031622776601683794,4.181428966487767E-09,2.4817144845673404E-16,0
ThirdBodyPerturbation (Moon),HEO perigee,dadr,0.01,4.181418852348342E-08,2.4817084817375637E-15,0
ThirdBodyPerturbation (Sun),HEO perigee,dadr,1E-12,2.8711351286313145E-05,9.405550978039219E-13,0
ThirdBodyPerturbation (Sun),HEO perigee,dadr,3.1622776601683794E-12,9.391517447016235E-06,3.076567007529334E-13,0
ThirdBodyPerturbation (Sun),HEO perigee,dadr,1E-11,5.605757654431234E-06,1.836390034850813E-13,0
ThirdBodyPerturbation (Sun),HEO perigee,dadr,3.1622776601683794E-11,2.1202974769559504E-06,6.945882069167486E-14,0
ThirdBodyPerturbation (Sun),HEO perigee,dadr,1E-10,3.94990002139289E-07,1.2939476668616116E-14,0
ThirdBodyPerturbation (Sun),HEO perigee,dadr,3.1622776601683795E-10,2.2363559627601076E-07,7.326078038970344E-15,0
ThirdBodyPerturbation (Sun),HEO perigee,dadr,1E-09,2.994525066878437E-08,9.80976405139382E-16,0
ThirdBodyPerturbation (Sun),HEO perigee,dadr,3.1622776601683795E-09,1.5702309501322468E-08,5.143919246951018E-16,0
ThirdBodyPerturbation (Sun),HEO perigee,dadr,1E-08,5.361412733689371E-09,1.756345087284792E-16,0
ThirdBodyPerturbation (Sun),HEO perigee,dadr,3.162277660168379E-08,3.4006703282201088E-09,1.1140255229584788E-16,0
ThirdBodyPerturbation (Sun),HEO perigee,dadr,1E-07,6.239143221223064E-10,2.0438807996639174E-17,0
ThirdBodyPerturbation (Sun),HEO perigee,dadr,3.162277660168379E-07,2.965429535612109E-10,9.714450006495823E-18,0
ThirdBodyPerturbation (Sun),HEO perigee,dadr,1E-06,2.799924907661346E-11,9.17227342979308E-19,0
ThirdBodyPerturbation (Sun),HEO perigee,dadr,3E-06,2.591464700067028E-11,8.489378678560781E-19,0
ThirdBodyPerturbation (Sun),HEO perigee,dadr,3.162277660168379E-06,4.3794151152229787E-11,1.4346525076254808E-18,0
ThirdBodyPerturbation (Sun),HEO perigee,dadr,1E-05,5.50180449836055E-12,1.8023360225892245E-19,0
ThirdBodyPerturbation (Sun),HEO perigee,dadr,3.1622776601683795E-05,2.5689430019868376E-12,8.415599852446728E-20,0
ThirdBodyPerturbation (Sun),HEO perigee,dadr,0.0001,7.253459566006514E-13,2.37616067021348E-20,0
ThirdBodyPerturbation (Sun),HEO perigee,dadr,0.00031622776601683794,1.7600702603178122E-13,5.765813804187449E-21,0
ThirdBodyPerturbation (Sun),HEO perigee,dadr,0.001,9.500018380814537E-14,3.112110826203284E-21,0
ThirdBodyPerturbation (Sun),HEO perigee,dadr,0.0031622776601683794,2.962695180127714E-14,9.705492531926238E-22,0
ThirdBodyPerturbation (Sun),HEO perigee,dadr,0.01,3.939902048752825E-13,1.2906724312098504E-20,0
GravitationalAcceleration (EGM2008 10x10),HEO perigee,dadr,1E-12,0.00013894296987114905,0.00013840694619559238,6.584688762519208E-13
GravitationalAcceleration (EGM2008 10x10),HEO perigee,dadr,3.1622776601683794E-12,3.268636611151815E-05,3.25602664166582E-05,6.584688762519208E-13
GravitationalAcceleration (EGM2008 10x10),HEO perigee,dadr,1E-11,8.595887216035748E-06,8.562725415446032E-06,6.584688762519208E-13
GravitationalAcceleration (EGM2008 10x10),HEO perigee,dadr,3.1622776601683794E-11,2.8319982420998837E-06,2.8210727659256797E-06,6.584688762519208E-13
GravitationalAcceleration (EGM2008 10x10),HEO perigee,dadr,1E-10,7.437385478932801E-07,7.408693025441657E-07,6.584688762519208E-13
GravitationalAcceleration (EGM2008 10x10),HEO perigee,dadr,3.1622776601683795E-10,3.3428158758416023E-07,3.3299197325236677E-07,6.584688762519208E-13
GravitationalAcceleration (EGM2008 10x10),HEO perigee,dadr,1E-09,1.1109212179425438E-07,1.1066354302193672E-07,6.584688762519208E-13
GravitationalAcceleration (EGM2008 10x10),HEO perigee,dadr,3.1622776601683795E-09,3.4969102060298005E-08,3.483419587084013E-08,6.584688762519208E-13
GravitationalAcceleration (EGM2008 10x10),HEO perigee,dadr,1E-08,7.138106647201106E-09,7.1105687720204005E-09,6.584688762519208E-13
GravitationalAcceleration (EGM2008 10x10),HEO perigee,dadr,3.162277660168379E-08,3.298775217654434E-09,3.2860489773945476E-09,6.584688762519208E-13
GravitationalAcceleration (EGM2008 10x10),HEO perigee,dadr,1E-07,1.6883436634412096E-09,1.6818302559840362E-09,6.584688762519208E-13
GravitationalAcceleration (EGM2008 10x10),HEO perigee,dadr,3.162277660168379E-07,6.127239847782589E-10,6.103601763558022E-10,6.584688762519208E-13
GravitationalAcceleration (EGM2008 10x10),HEO perigee,dadr,1E-06,1.5620007447098942E-10,1.5559747515907167E-10,6.584688762519208E-13
GravitationalAcceleration (EGM2008 10x10),HEO perigee,dadr,3E-06,3.183202361347935E-11,3.170921985943891E-11,6.584688762519208E-13
GravitationalAcceleration (EGM2008 10x10),HEO perigee,dadr,3.162277660168379E-06,5.219505371474177E-11,5.199369207288253E-11,6.584688762519208E-13
GravitationalAcceleration (EGM2008 10x10),HEO perigee,dadr,1E-05,1.4993874278593494E-10,1.4936029886688675E-10,6.584688762519208E-13
GravitationalAcceleration (EGM2008 10x10),HEO perigee,dadr,3.1622776601683795E-05,1.4649849786437579E-09,1.4593332595707011E-09,6.584688762519208E-13
GravitationalAcceleration (EGM2008 10x10),HEO perigee,dadr,0.0001,1.4623782422704545E-08,1.4567365796429546E-08,6.584688762519208E-13
GravitationalAcceleration (EGM2008 10x10),HEO perigee,dadr,0.00031622776601683794,1.4623304289579182E-07,1.4566889507878798E-07,6.584688762519208E-13
GravitationalAcceleration (EGM2008 10x10),HEO perigee,dadr,0.001,1.4623354800215476E-06,1.456693982365171E-06,6.584688762519208E-13
GravitationalAcceleration (EGM2008 10x10),HEO perigee,dadr,0.0031622776601683794,1.4623351107412406E-05,1.456693614509499E-05,6.584688762519208E-13
GravitationalAcceleration (EGM2008 10x10),HEO perigee,dadr,0.01,0.00014623285594913093,0.00014566870885334267,6.584688762519208E-13
AtmosphericDrag,HEO perigee,dadr,1E-12,6.552157844085108E-05,1.7678195814463691E-09,3.0728720959426193E-12
AtmosphericDrag,HEO perigee,dadv,1E-12,3.041015956094479E-05,3.041015956094479E-05,2.611989344752099E-13
AtmosphericDrag,HEO perigee,dadr,3.1622776601683794E-12,0.00010473524657130659,2.825832712859847E-09,3.0728720959426193E-12
AtmosphericDrag,HEO perigee,dadv,3.1622776601683794E-12,1.6441413335577646E-05,1.6441413335577646E-05,2.611989344752099E-13
AtmosphericDrag,HEO perigee,dadr,1E-11,3.0803412587055764E-05,8.310983532841368E-10,3.0728720959426193E-12
AtmosphericDrag,HEO perigee,dadv,1E-11,3.833490230487742E-06,3.833490230487742E-06,2.611989344752099E-13
AtmosphericDrag,HEO perigee,dadr,3.1622776601683794E-11,2.8713303572223235E-06,7.747057001810972E-11,3.0728720959426193E-12
AtmosphericDrag,HEO perigee,dadv,3.1622776601683794E-11,9.713869147172536E-07,9.713869147172536E-07,2.611989344752099E-13
AtmosphericDrag,HEO perigee,dadr,1E-10,1.999872257931799E-06,5.3958000128991937E-11,3.0728720959426193E-12
AtmosphericDrag,HEO perigee,dadv,1E-10,1.8443337752344652E-07,1.8443337752344652E-07,2.611989344752099E-13
AtmosphericDrag,HEO perigee,dadr,3.1622776601683795E-10,8.658320079479183E-07,2.3360773875054347E-11,3.0728720959426193E-12
AtmosphericDrag,HEO perigee,dadv,3.1622776601683795E-10,1.6533763833575365E-07,1.6533763833575365E-07,2.611989344752099E-13
AtmosphericDrag,HEO perigee,dadr,1E-09,2.607821988932652E-07,7.03609236325607E-12,3.0728720959426193E-12
AtmosphericDrag,HEO perigee,dadv,1E-09,3.38853673534779E-08,3.38853673534779E-08,2.611989344752099E-13
AtmosphericDrag,HEO perigee,dadr,3.1622776601683795E-09,7.07567692726515E-08,1.9090688169699E-12,3.0728720959426193E-12
AtmosphericDrag,HEO perigee,dadv,3.1622776601683795E-09,6.2581067653777324E-09,6.2581067653777324E-09,2.611989344752099E-13
AtmosphericDrag,HEO perigee,dadr,1E-08,2.0365053235563665E-08,5.494638673811464E-13,3.0728720959426193E-12
AtmosphericDrag,HEO perigee,dadv,1E-08,6.3101922169221475E-09,6.3101922169221475E-09,2.611989344752099E-13
AtmosphericDrag,HEO perigee,dadr,3.162277660168379E-08,1.1161023164268169E-08,3.011324783114229E-13,3.0728720959426193E-12
AtmosphericDrag,HEO perigee,dadv,3.162277660168379E-08,6.045582003000658E-10,6.045582003000658E-10,2.611989344752099E-13
AtmosphericDrag,HEO perigee,dadr,1E-07,3.755794150452471E-09,1.013340429374028E-13,3.0728720959426193E-12
AtmosphericDrag,HEO perigee,dadv,1E-07,3.6687903027739145E-10,3.6687903027739145E-10,2.611989344752099E-13
AtmosphericDrag,HEO perigee,dadr,3.162277660168379E-07,1.0142023353535101E-09,2.7363912632311174E-14,3.0728720959426193E-12
AtmosphericDrag,HEO perigee,dadv,3.162277660168379E-07,1.2091268886421121E-10,1.2091268886421121E-10,2.611989344752099E-13
AtmosphericDrag,HEO perigee,dadr,1E-06,1.7725780903344617E-09,4.782543907370753E-14,3.0728720959426193E-12
AtmosphericDrag,HEO perigee,dadv,1E-06,1.9997119294990384E-11,1.9997119294990384E-11,2.611989344752099E-13
AtmosphericDrag,HEO perigee,dadr,3E-06,1.55683686169592E-08,4.200458466836366E-13,3.0728720959426193E-12
AtmosphericDrag,HEO perigee,dadv,3E-06,1.3803181084882928E-11,1.3803181084882928E-11,2.611989344752099E-13
AtmosphericDrag,HEO perigee,dadr,3.162277660168379E-06,1.7429541639376286E-08,4.702616411101835E-13,3.0728720959426193E-12
AtmosphericDrag,HEO perigee,dadv,3.162277660168379E-06,1.1428834814006744E-11,1.1428834814006744E-11,2.611989344752099E-13
AtmosphericDrag,HEO perigee,dadr,1E-05,1.7362920253822638E-07,4.684641479372871E-12,3.0728720959426193E-12
AtmosphericDrag,HEO perigee,dadv,1E-05,2.7995372540810533E-11,2.7995372540810533E-11,2.611989344752099E-13
AtmosphericDrag,HEO perigee,dadr,3.1622776601683795E-05,1.736134162074515E-06,4.684215552749503E-11,3.0728720959426193E-12
AtmosphericDrag,HEO perigee,dadv,3.1622776601683795E-05,2.7763923043247124E-10,2.7763923043247124E-10,2.611989344752099E-13
AtmosphericDrag,HEO perigee,dadr,0.0001,1.7361366261030353E-05,4.684222200876686E-10,3.0728720959426193E-12
AtmosphericDrag,HEO perigee,dadv,0.0001,2.7767541387590576E-09,2.7767541387590576E-09,2.611989344752099E-13
AtmosphericDrag,HEO perigee,dadr,0.00031622776601683794,0.00017362437751672883,4.684511296802682E-09,3.0728720959426193E-12
AtmosphericDrag,HEO perigee,dadv,0.00031622776601683794,2.7767273009532768E-08,2.7767273009532768E-08,2.611989344752099E-13
AtmosphericDrag,HEO perigee,dadr,0.001,0.0017373124781657004,4.6873947347971564E-08,3.0728720959426193E-12
AtmosphericDrag,HEO perigee,dadv,0.001,2.7767254323649285E-07,2.7767254323649285E-07,2.611989344752099E-13
AtmosphericDrag,HEO perigee,dadr,0.0031622776601683794,0.017480443440285334,4.7163500851858825E-07,3.0728720959426193E-12
AtmosphericDrag,HEO perigee,dadv,0.0031622776601683794,2.776720543569919E-06,2.776720543569919E-06,2.611989344752099E-13
AtmosphericDrag,HEO perigee,dadr,0.01,0.18600099057040478,5.018441269628728E-06,3.0728720959426193E-12
AtmosphericDrag,HEO perigee,dadv,0.01,2.776671021669226E-05,2.776671021669226E-05,2.611989344752099E-13
SolarRadiationPressure,HEO perigee,dadr,1E-12,0.5471581588553232,2.0585642616729257E-12,1.0334544952402598E-08
SolarRadiationPressure,HEO perigee,dadr,3.1622776601683794E-12,0.38530121756475094,1.4496125181011624E-12,1.0334544952402598E-08
SolarRadiationPressure,HEO perigee,dadr,1E-11,0.3426018091461233,1.2889652267420203E-12,1.0334544952402598E-08
SolarRadiationPressure,HEO perigee,dadr,3.1622776601683794E-11,0.04610638904918408,1.734653192963439E-13,1.0334544952402598E-08
SolarRadiationPressure,HEO perigee,dadr,1E-10,0.0043258999772873554,1.6275263283006486E-14,1.0334544952402598E-08
SolarRadiationPressure,HEO perigee,dadr,3.1622776601683795E-10,0.006370534535784623,2.396775870171558E-14,1.0334544952402598E-08
SolarRadiationPressure,HEO perigee,dadr,1E-09,0.0017274452074515897,6.499139070680093E-15,1.0334544952402598E-08
SolarRadiationPressure,HEO perigee,dadr,3.1622776601683795E-09,0.0008964408191553573,3.3726647462931598E-15,1.0334544952402598E-08
SolarRadiationPressure,HEO perigee,dadr,1E-08,0.0002140739277639589,8.054068643932274E-16,1.0334544952402598E-08
SolarRadiationPressure,HEO perigee,dadr,3.162277660168379E-08,7.462086556882954E-05,2.8074487156776457E-16,1.0334544952402598E-08
SolarRadiationPressure,HEO perigee,dadr,1E-07,2.2857394049948038E-05,8.59960026999068E-17,1.0334544952402598E-08
SolarRadiationPressure,HEO perigee,dadr,3.162277660168379E-07,3.766189449545179E-06,1.4169473447572823E-17,1.0334544952402598E-08
SolarRadiationPressure,HEO perigee,dadr,1E-06,4.433933850136312E-06,1.6681717369631524E-17,1.0334544952402598E-08
SolarRadiationPressure,HEO perigee,dadr,3E-06,5.103400706392445E-07,1.9200441658686313E-18,1.0334544952402598E-08
SolarRadiationPressure,HEO perigee,dadr,3.162277660168379E-06,6.664044480916544E-07,2.507202640514923E-18,1.0334544952402598E-08
SolarRadiationPressure,HEO perigee,dadr,1E-05,1.4706758257459536E-07,5.53309979279218E-19,1.0334544952402598E-08
SolarRadiationPressure,HEO perigee,dadr,3.1622776601683795E-05,7.020995891199063E-08,2.6414978903378614E-19,1.0334544952402598E-08
SolarRadiationPressure,HEO perigee,dadr,0.0001,1.6941565111938022E-08,6.373897548964822E-20,1.0334544952402598E-08
SolarRadiationPressure,HEO perigee,dadr,0.00031622776601683794,1.2557579818667341E-08,4.724517876493742E-20,1.0334544952402598E-08
SolarRadiationPressure,HEO perigee,dadr,0.001,1.419730652899329E-08,5.3414295957394457E-20,1.0334544952402598E-08
SolarRadiationPressure,HEO perigee,dadr,0.0031622776601683794,1.0038829469147144E-08,3.776892519970553E-20,1.0334544952402598E-08
SolarRadiationPressure,HEO perigee,dadr,0.01,1.0194391691092462E-08,3.8354194422836567E-20,1.0334544952402598E-08
AlbedoRadiationPressure,HEO perigee,dadr,1E-12,0.00010569971992840117,6.77440046473081E-13,9.25375321595229E-13
AlbedoRadiationPressure,HEO perigee,dadr,3.1622776601683794E-12,2.926541167125417E-05,1.875649420458039E-13,9.25375321595229E-13
AlbedoRadiationPressure,HEO perigee,dadr,1E-11,1.1016203796298806E-05,7.060394877845234E-14,9.25375321595229E-13
AlbedoRadiationPressure,HEO perigee,dadr,3.1622776601683794E-11,2.5526733895388854E-06,1.6360338332128037E-14,9.25375321595229E-13
AlbedoRadiationPressure,HEO perigee,dadr,1E-10,1.158653169319844E-06,7.425923714858517E-15,9.25375321595229E-13
AlbedoRadiationPressure,HEO perigee,dadr,3.1622776601683795E-10,2.266478310666674E-07,1.4526085529349673E-15,9.25375321595229E-13
AlbedoRadiationPressure,HEO perigee,dadr,1E-09,8.46905739206329E-08,5.427903344634082E-16,9.25375321595229E-13
AlbedoRadiationPressure,HEO perigee,dadr,3.1622776601683795E-09,4.829284411685834E-08,3.0951365419891915E-16,9.25375321595229E-13
AlbedoRadiationPressure,HEO perigee,dadr,1E-08,7.930866618524327E-09,5.082971510486759E-17,9.25375321595229E-13
AlbedoRadiationPressure,HEO perigee,dadr,3.162277660168379E-08,3.6374672434844755E-09,2.3312890328750242E-17,9.25375321595229E-13
AlbedoRadiationPressure,HEO perigee,dadr,1E-07,1.1830030982710398E-10,7.581984837929496E-19,9.25375321595229E-13
AlbedoRadiationPressure,HEO perigee,dadr,3.162277660168379E-07,4.2625544036711717E-10,2.731913627844097E-18,9.25375321595229E-13
AlbedoRadiationPressure,HEO perigee,dadr,1E-06,7.66178104623976E-11,4.910511883614358E-19,9.25375321595229E-13
AlbedoRadiationPressure,HEO perigee,dadr,3E-06,5.3948845937519505E-11,3.457635339416089E-19,9.25375321595229E-13
AlbedoRadiationPressure,HEO perigee,dadr,3.162277660168379E-06,4.9624452456372854E-11,3.1804806484840535E-19,9.25375321595229E-13
AlbedoRadiationPressure,HEO perigee,dadr,1E-05,1.724065194994111E-10,1.104970577604726E-18,9.25375321595229E-13
AlbedoRadiationPressure,HEO perigee,dadr,3.1622776601683795E-05,1.6899100286447975E-09,1.0830801908613664E-17,9.25375321595229E-13
AlbedoRadiationPressure,HEO perigee,dadr,0.0001,1.687830040286375E-08,1.0817471055786924E-16,9.25375321595229E-13
AlbedoRadiationPressure,HEO perigee,dadr,0.00031622776601683794,1.6878379344572266E-07,1.0817521650315198E-15,9.25375321595229E-13
AlbedoRadiationPressure,HEO perigee,dadr,0.001,1.6878354572174246E-06,1.0817505773438253E-14,9.25375321595229E-13
AlbedoRadiationPressure,HEO perigee,dadr,0.0031622776601683794,1.687833305463324E-05,1.0817491982631627E-13,9.25375321595229E-13
AlbedoRadiationPressure,HEO perigee,dadr,0.01,0.00016878132376062086,1.0817363365734003E-12,9.25375321595229E-13
ThermalRadiationPressure,HEO perigee,dadr,1E-12,0.00011758562609351545,1.3463093566975958E-12,6.060793492324393E-13
ThermalRadiationPressure,HEO perigee,dadr,3.1622776601683794E-12,2.5042562884972477E-05,2.867275350552875E-13,6.060793492324393E-13
ThermalRadiationPressure,HEO perigee,dadr,1E-11,6.186081087806216E-06,7.082820516837677E-14,6.060793492324393E-13
ThermalRadiationPressure,HEO perigee,dadr,3.1622776601683794E-11,1.162599794506776E-06,1.331131221935546E-14,6.060793492324393E-13
ThermalRadiationPressure,HEO perigee,dadr,1E-10,8.747233501257598E-07,1.0015239701658753E-14,6.060793492324393E-13
ThermalRadiationPressure,HEO perigee,dadr,3.1622776601683795E-10,1.8583764795055937E-07,2.1277682704477217E-15,6.060793492324393E-13
ThermalRadiationPressure,HEO perigee,dadr,1E-09,1.0817443028496909E-07,1.238554851357951E-15,6.060793492324393E-13
ThermalRadiationPressure,HEO perigee,dadr,3.1622776601683795E-09,2.6898023999797928E-08,3.079718379762192E-16,6.060793492324393E-13
ThermalRadiationPressure,HEO perigee,dadr,1E-08,8.033435047903182E-09,9.197968434350071E-17,6.060793492324393E-13
ThermalRadiationPressure,HEO perigee,dadr,3.162277660168379E-08,1.5973206929026254E-09,1.828869621182453E-17,6.060793492324393E-13
ThermalRadiationPressure,HEO perigee,dadr,1E-07,1.299793113977341E-09,1.4882121984255884E-17,6.060793492324393E-13
ThermalRadiationPressure,HEO perigee,dadr,3.162277660168379E-07,2.593743209139352E-10,2.9697343691974713E-18,6.060793492324393E-13
ThermalRadiationPressure,HEO perigee,dadr,1E-06,4.877524106990829E-11,5.584574034191388E-19,6.060793492324393E-13
ThermalRadiationPressure,HEO perigee,dadr,3E-06,4.102405230069926E-11,4.697093284017373E-19,6.060793492324393E-13
ThermalRadiationPressure,HEO perigee,dadr,3.162277660168379E-06,5.7367903928332435E-11,6.568400271255776E-19,6.060793492324393E-13
ThermalRadiationPressure,HEO perigee,dadr,1E-05,1.468543310663654E-10,1.681424563143245E-18,6.060793492324393E-13
ThermalRadiationPressure,HEO perigee,dadr,3.1622776601683795E-05,1.4681828334441803E-09,1.681011830848E-17,6.060793492324393E-13
ThermalRadiationPressure,HEO perigee,dadr,0.0001,1.4673515114821901E-08,1.6800599997670775E-16,6.060793492324393E-13
ThermalRadiationPressure,HEO perigee,dadr,0.00031622776601683794,1.4673688763680587E-07,1.6800798818811582E-15,6.060793492324393E-13
ThermalRadiationPressure,HEO perigee,dadr,0.001,1.467368077852735E-06,1.6800789676123933E-14,6.060793492324393E-13
ThermalRadiationPressure,HEO perigee,dadr,0.0031622776601683794,1.4673671731345996E-05,1.6800779317455686E-13,6.060793492324393E-13
ThermalRadiationPressure,HEO perigee,dadr,0.01,0.00014673595957418145,1.6800692559276608E-12,6.060793492324393E-13
